date ,open ,high,low,close,adj close,volume,day 
"Sep 18, 2024",152.49,156.04,152.54,153.6,153.6,"2,617,159",1258
"Sep 17, 2024",152.94,153.69,151.07,151.96,151.96,"3,162,300",1257
"Sep 16, 2024",151.95,153.74,150.71,152.84,152.84,"3,429,200",1256
"Sep 13, 2024",149.72,152.62,149.48,151.36,151.36,"3,592,300",1255
"Sep 12, 2024",147.35,148.98,146.61,148.44,148.44,"3,454,600",1254
"Sep 11, 2024",147.25,147.97,144.67,147.29,147.29,"4,089,500",1253
"Sep 10, 2024",150.59,150.78,147.35,148.01,148.01,"4,103,200",1252
"Sep 9, 2024",151.37,152.92,149.95,150.59,150.59,"3,735,200",1251
"Sep 6, 2024",151.61,153.33,150.72,151.28,151.28,"4,045,100",1250
"Sep 5, 2024",153.06,153.55,150.67,151.9,151.9,"3,358,900",1249
"Sep 4, 2024",152.65,153.74,148.87,152.48,152.48,"3,841,000",1248
"Sep 3, 2024",152.99,154.96,151.35,151.8,151.8,"4,071,000",1247
"Aug 30, 2024",153.69,154.15,152.19,153.62,153.62,"3,933,200",1246
"Aug 29, 2024",156.26,156.26,152.47,153.42,153.42,"3,879,500",1245
"Aug 28, 2024",157.75,158.32,155.69,156.86,156.86,"2,666,500",1244
"Aug 27, 2024",158.9,159.77,157.76,158.68,158.68,"3,252,300",1243
"Aug 26, 2024",159.31,161.84,157.97,158.9,158.9,"3,655,200",1242
"Aug 23, 2024",157.58,159.62,156.74,158.5,158.5,"3,188,300",1241
"Aug 22, 2024",159.9,160.12,156.42,156.82,156.82,"7,452,400",1240
"Aug 21, 2024",167.33,167.4,158.97,159.25,159.25,"25,572,100",1239
"Aug 20, 2024",144.5,145.7,142.88,144.33,143.21,"6,815,100",1238
"Aug 19, 2024",144.5,148.64,144.42,144.63,143.51,"4,427,000",1237
"Aug 16, 2024",141.12,144.24,140.89,144.04,142.92,"3,473,900",1236
"Aug 15, 2024",143.29,143.88,140.56,141.66,140.56,"4,640,600",1235
"Aug 14, 2024",136.7,136.91,135.51,135.76,134.71,"4,838,000",1234
"Aug 13, 2024",135.68,136.91,133.67,136.66,135.6,"3,319,800",1233
"Aug 12, 2024",134.59,136.54,134.12,135.02,133.97,"3,695,600",1232
"Aug 9, 2024",133.61,135.6,132.75,135.5,134.45,"3,778,100",1231
"Aug 8, 2024",134.79,135.99,133.07,133.97,132.93,"3,894,000",1230
"Aug 7, 2024",136.18,137.75,133.34,133.47,132.43,"3,209,700",1229
"Aug 6, 2024",134.51,135.91,133.25,133.85,132.81,"5,005,500",1228
"Aug 5, 2024",136,136.35,132.42,133.87,132.83,"6,887,700",1227
"Aug 2, 2024",145.32,145.42,138.04,139.17,138.09,"6,476,500",1226
"Aug 1, 2024",151.21,151.35,146.08,147.02,145.88,"3,782,400",1225
"Jul 31, 2024",148.71,152.4,147.93,150.41,149.24,"5,743,700",1224
"Jul 30, 2024",147.37,148.29,146.76,147.95,146.8,"2,379,200",1223
"Jul 29, 2024",147.38,147.9,145.14,146.82,145.68,"2,487,000",1222
"Jul 26, 2024",147.25,149.99,147.25,149,147.84,"2,427,000",1221
"Jul 25, 2024",146.58,149.42,145.99,146.29,145.15,"3,019,700",1220
"Jul 24, 2024",150.29,150.92,145.3,146.45,145.31,"3,029,500",1219
"Jul 23, 2024",150.2,150.96,149.64,150.27,149.1,"1,622,400",1218
"Jul 22, 2024",149.37,151.74,148.72,151.02,149.85,"3,692,800",1217
"Jul 19, 2024",151.46,151.46,149.36,149.73,148.57,"3,187,000",1216
"Jul 18, 2024",154.82,155.25,151.84,152.09,150.91,"2,927,400",1215
"Jul 17, 2024",154.04,156.74,154.04,155.93,154.72,"3,353,700",1214
"Jul 16, 2024",151.45,155.01,151.39,155.01,153.81,"3,391,800",1213
"Jul 15, 2024",152.85,153.45,150.91,151.3,150.13,"3,645,900",1212
"Jul 12, 2024",152.47,153.64,150.81,152.85,151.66,"2,675,700",1211
"Jul 11, 2024",147,151.89,146.5,151.4,150.23,"4,727,800",1210
"Jul 10, 2024",147.45,147.45,143.41,146.11,144.98,"4,105,700",1209
"Jul 9, 2024",148,149.62,147.23,147.6,146.45,"2,848,400",1208
"Jul 8, 2024",151.86,151.97,147.79,148.72,147.57,"5,183,800",1207
"Jul 5, 2024",144.54,146.43,144.5,145.65,144.52,"3,562,200",1206
"Jul 3, 2024",145.32,146.23,144.37,144.8,143.68,"1,633,300",1205
"Jul 2, 2024",145.5,146.99,144.46,145.39,144.26,"3,296,400",1204
"Jul 1, 2024",148.34,148.94,145.07,145.74,144.61,"2,638,900",1203
"Jun 28, 2024",147.54,148.71,146.12,148.04,146.89,"12,772,300",1202
"Jun 27, 2024",145.75,147,145.3,146.72,145.58,"2,273,600",1201
"Jun 26, 2024",146.01,147.31,144.92,147.17,146.03,"2,447,000",1200
"Jun 25, 2024",148.48,149.12,146.34,146.77,145.63,"3,367,600",1199
"Jun 24, 2024",147,150.79,146.72,149.69,148.53,"3,933,000",1198
"Jun 21, 2024",143.99,146.27,143.99,146.13,145,"5,652,000",1197
"Jun 20, 2024",142.15,143.77,141.73,143.38,142.27,"2,628,700",1196
"Jun 18, 2024",144.35,144.85,142.42,142.54,141.43,"2,969,500",1195
"Jun 17, 2024",141.35,145.06,140.8,144.97,143.85,"5,006,300",1194
"Jun 14, 2024",143.77,143.8,139.38,141.16,140.06,"5,019,700",1193
"Jun 13, 2024",147.09,147.09,144.55,144.68,143.56,"3,470,600",1192
"Jun 12, 2024",146.34,148.03,145.1,146.78,145.64,"3,064,300",1191
"Jun 11, 2024",148.25,148.37,145.92,146.19,145.06,"3,592,400",1190
"Jun 10, 2024",146.05,148.91,145.57,148.52,147.37,"3,052,900",1189
"Jun 7, 2024",144.63,146.6,144.15,146,144.87,"3,110,800",1188
"Jun 6, 2024",146.7,147.19,145.05,145.13,144,"4,682,900",1187
"Jun 5, 2024",150.5,150.98,146.75,147.35,146.21,"5,746,100",1186
"Jun 4, 2024",152.37,154.19,150.11,150.55,149.38,"4,683,700",1185
"Jun 3, 2024",152.09,154.49,151.38,153.03,151.84,"4,162,500",1184
"May 31, 2024",148.88,156.93,148.76,156.16,154.95,"7,501,000",1183
"May 30, 2024",148.52,150.36,147.92,149.87,148.71,"4,239,400",1182
"May 29, 2024",146.05,148.13,145.5,147.74,146.59,"3,038,500",1181
"May 28, 2024",145,147.44,144.53,147.1,145.96,"4,344,300",1180
"May 24, 2024",144.9,145.73,143.56,145.23,144.1,"3,549,300",1179
"May 23, 2024",142.5,145.58,141.76,144.41,143.29,"6,661,100",1178
"May 22, 2024",140.54,145.67,139.98,143.27,142.16,"18,724,000",1177
"May 21, 2024",156.71,156.84,154.65,155.78,154.57,"6,291,000",1176
"May 20, 2024",159.9,160.8,155.96,156.71,155.49,"4,429,200",1175
"May 17, 2024",160.18,160.47,159.1,160.13,158.89,"4,005,500",1174
"May 16, 2024",160.25,163.65,159.72,160.65,159.4,"5,232,900",1173
"May 15, 2024",160.61,161.08,157.04,157.51,156.29,"2,563,700",1172
"May 14, 2024",160.3,161.6,158.58,158.96,157.73,"2,707,900",1171
"May 13, 2024",164.21,164.4,160.59,160.9,158.56,"2,629,000",1170
"May 10, 2024",164.61,165.65,161.7,163.13,160.76,"2,414,100",1169
"May 9, 2024",159.44,164.4,159.04,164.32,161.93,"2,538,000",1168
"May 8, 2024",159,161.25,158.99,159.59,157.27,"2,678,300",1167
"May 7, 2024",161.07,162.36,159.84,160.41,158.08,"3,492,500",1166
"May 6, 2024",158.04,158.4,156.5,158.35,156.05,"3,314,500",1165
"May 3, 2024",159,160.31,157.81,158.04,155.74,"3,802,200",1164
"May 2, 2024",157.29,158.64,155.8,158.12,155.82,"3,880,000",1163
"May 1, 2024",160.83,161.63,156.33,156.43,154.15,"4,378,000",1162
"Apr 30, 2024",162.45,162.63,160.42,160.98,158.64,"3,534,400",1161
"Apr 29, 2024",164.7,165.72,162.06,163.73,161.35,"2,698,500",1160
"Apr 26, 2024",165.15,166.28,164.14,164.74,162.34,"2,085,500",1159
"Apr 25, 2024",163.89,165.15,163.18,164.44,162.05,"3,141,700",1158
"Apr 24, 2024",165.03,166.54,164.79,165.34,162.94,"2,631,400",1157
"Apr 23, 2024",167.64,168.01,166.1,166.51,164.09,"1,890,300",1156
"Apr 22, 2024",168.76,169.09,166.03,167.11,164.68,"2,155,500",1155
"Apr 19, 2024",167.33,168.47,166.77,168.3,165.85,"3,376,600",1154
"Apr 18, 2024",165.72,167.53,165.09,166.58,164.16,"3,169,500",1153
"Apr 17, 2024",166.76,167.94,163.87,164.47,162.08,"3,700,200",1152
"Apr 16, 2024",165.06,166,162.21,163.32,160.94,"3,450,600",1151
"Apr 15, 2024",169.18,169.8,164.96,165.01,162.61,"5,075,400",1150
"Apr 12, 2024",170.82,171.06,165.78,166.12,163.7,"3,550,800",1149
"Apr 11, 2024",172.79,173.05,170.39,171.33,168.84,"2,247,900",1148
"Apr 10, 2024",169.9,171.86,168.75,171.62,169.12,"2,148,700",1147
"Apr 9, 2024",170,171.74,169.26,171.63,169.13,"1,847,100",1146
"Apr 8, 2024",170.9,172.13,169.62,169.7,167.23,"2,122,900",1145
"Apr 5, 2024",171.62,172.54,170.03,171.77,169.27,"2,333,200",1144
"Apr 4, 2024",176.84,177.23,171.98,172.22,169.72,"3,614,400",1143
"Apr 3, 2024",176.53,177.19,175.1,175.49,172.94,"3,033,900",1142
"Apr 2, 2024",177.65,177.89,175.09,176.24,173.68,"3,022,100",1141
"Apr 1, 2024",178.77,181.86,177.66,177.82,175.23,"3,917,400",1140
"Mar 28, 2024",175,177.4,174.69,177.21,174.63,"3,716,200",1139
"Mar 27, 2024",174.1,175.48,173.54,174.67,172.13,"4,747,100",1138
"Mar 26, 2024",172.63,174.2,172.16,172.64,170.13,"3,512,900",1137
"Mar 25, 2024",170,173.58,169.73,172.66,170.15,"4,262,600",1136
"Mar 22, 2024",170,170.17,168.49,168.63,166.18,"2,443,600",1135
"Mar 21, 2024",170.67,170.88,168.97,170.17,167.7,"2,624,300",1134
"Mar 20, 2024",167.92,170.57,167.38,170.46,167.98,"2,969,700",1133
"Mar 19, 2024",167.07,168.61,166.3,168.21,165.76,"2,290,500",1132
"Mar 18, 2024",163.98,168.19,163.44,167.59,165.15,"3,189,600",1131
"Mar 15, 2024",162.87,165.25,162.71,164.22,161.83,"5,074,900",1130
"Mar 14, 2024",166.76,167.17,163.04,164.31,161.92,"3,365,900",1129
"Mar 13, 2024",167.24,167.54,164.19,166.67,164.25,"5,546,300",1128
"Mar 12, 2024",168.64,169.06,167.53,167.57,165.13,"2,292,100",1127
"Mar 11, 2024",170.19,170.58,166.68,168.07,165.63,"3,142,400",1126
"Mar 8, 2024",171.34,172.29,169.45,169.72,167.25,"3,361,800",1125
"Mar 7, 2024",175,175.27,171.32,171.54,169.05,"3,644,700",1124
"Mar 6, 2024",172.22,175.53,171.6,173.54,171.02,"8,955,200",1123
"Mar 5, 2024",166.06,170.47,165.21,168.58,166.13,"22,986,800",1122
"Mar 4, 2024",153.19,154.77,150.09,150.49,148.3,"9,096,100",1121
"Mar 1, 2024",153.24,155.54,152,155.29,153.03,"4,284,000",1120
"Feb 29, 2024",152.39,153.65,152,152.92,150.7,"4,447,800",1119
"Feb 28, 2024",151.33,152.25,150.65,151.44,149.24,"2,298,300",1118
"Feb 27, 2024",150.79,152.31,150.45,151.99,149.78,"2,851,700",1117
"Feb 26, 2024",150.61,150.95,149.1,150.15,147.97,"3,856,900",1116
"Feb 23, 2024",150.98,152.78,150.41,151.48,149.28,"3,503,600",1115
"Feb 22, 2024",148.79,150.98,147.99,150.34,148.15,"2,503,800",1114
"Feb 21, 2024",149.31,149.85,147.86,148.79,146.63,"2,307,600",1113
"Feb 20, 2024",150,152.11,149.21,149.89,147.71,"3,474,400",1112
"Feb 16, 2024",145.73,150.29,145.13,149.61,146.35,"4,318,400",1111
"Feb 15, 2024",145.79,148.26,145.43,146.33,143.14,"2,807,600",1110
"Feb 14, 2024",144.69,146.09,143.74,145.03,141.87,"2,986,400",1109
"Feb 13, 2024",147.22,147.87,144.59,146.11,142.93,"3,061,800",1108
"Feb 12, 2024",147.52,150.4,147.5,149.4,146.14,"3,492,600",1107
"Feb 9, 2024",147.08,147.57,146.3,146.53,143.34,"2,792,400",1106
"Feb 8, 2024",147.01,149.09,146.85,147.4,144.19,"2,946,900",1105
"Feb 7, 2024",149,149,145.26,146.73,143.53,"3,979,600",1104
"Feb 6, 2024",142.66,144.47,141.46,144.43,141.28,"2,873,200",1103
"Feb 5, 2024",144.22,144.89,141.5,142.33,139.23,"4,697,400",1102
"Feb 2, 2024",143.49,147.04,142.57,145.49,142.32,"3,775,800",1101
"Feb 1, 2024",140.94,144.47,138.5,144.42,141.27,"3,613,900",1100
"Jan 31, 2024",140.53,141.45,138.96,139.08,136.05,"5,804,400",1099
"Jan 30, 2024",140.62,141.2,137.84,140.52,137.46,"2,879,500",1098
"Jan 29, 2024",142.73,142.98,136.35,141.52,138.44,"4,879,000",1097
"Jan 26, 2024",142.89,143,141.64,142.53,139.42,"3,014,800",1096
"Jan 25, 2024",140.28,142.28,139.01,142.18,139.08,"2,566,500",1095
"Jan 24, 2024",141.6,141.8,138.96,139.2,136.17,"2,845,900",1094
"Jan 23, 2024",140.84,141.71,139.85,140.88,137.81,"2,806,800",1093
"Jan 22, 2024",138.4,140.76,137.91,140.36,137.3,"2,778,700",1092
"Jan 19, 2024",137.22,138.6,135.8,138.14,135.13,"3,515,300",1091
"Jan 18, 2024",138.63,139.12,135.67,137.4,134.41,"4,160,700",1090
"Jan 17, 2024",140.08,140.75,138.39,138.74,135.72,"3,566,300",1089
"Jan 16, 2024",142.19,142.46,139.92,141.07,138,"3,482,400",1088
"Jan 12, 2024",142.7,143.15,140.67,140.91,137.84,"2,236,400",1087
"Jan 11, 2024",144.5,144.5,140.99,142.02,138.93,"3,215,300",1086
"Jan 10, 2024",143.38,144.41,142.92,144.09,140.95,"2,777,400",1085
"Jan 9, 2024",141,143.97,140.53,143.77,140.64,"3,664,400",1084
"Jan 8, 2024",140.2,141.99,139.56,141.73,138.64,"3,563,300",1083
"Jan 5, 2024",139.32,141.95,139.32,140.75,137.68,"2,744,200",1082
"Jan 4, 2024",138.86,140.93,137.7,140.25,137.19,"3,903,000",1081
"Jan 3, 2024",142.36,142.97,138.33,138.67,135.65,"4,662,100",1080
"Jan 2, 2024",142.19,144.2,141.58,143.1,139.98,"3,601,500",1079
"Dec 29, 2023",142.02,143.37,141.72,142.42,139.32,"2,515,300",1078
"Dec 28, 2023",142.06,143.11,142,142.54,139.43,"2,146,700",1077
"Dec 27, 2023",140.93,142.73,140.61,142.38,139.28,"2,806,400",1076
"Dec 26, 2023",140,141.44,139.29,141.03,137.96,"2,237,700",1075
"Dec 22, 2023",139.44,140.42,138.63,140.2,137.15,"3,222,800",1074
"Dec 21, 2023",137.95,139.64,137.29,139.37,136.33,"3,980,200",1073
"Dec 20, 2023",138.73,138.87,136.55,136.9,133.92,"3,711,700",1072
"Dec 19, 2023",138,139.7,137.9,139.58,136.54,"2,834,600",1071
"Dec 18, 2023",139,139.15,137.4,137.72,134.72,"3,117,000",1070
"Dec 15, 2023",141.1,141.6,138.21,138.37,135.36,"5,679,900",1069
"Dec 14, 2023",139.7,142.2,139.45,141.14,138.06,"4,636,400",1068
"Dec 13, 2023",136,138.42,134.7,138.38,135.36,"3,531,700",1067
"Dec 12, 2023",136.91,136.91,135.23,135.66,132.7,"3,352,100",1066
"Dec 11, 2023",136.11,136.95,135.49,136.76,133.78,"3,571,700",1065
"Dec 8, 2023",135.23,136.4,135.1,135.19,132.24,"2,880,500",1064
"Dec 7, 2023",134.6,135.82,134.13,135.19,132.24,"3,939,200",1063
"Dec 6, 2023",133.24,133.99,132.29,133.38,130.47,"3,894,200",1062
"Dec 5, 2023",133.32,133.86,132.5,132.88,129.98,"2,997,800",1061
"Dec 4, 2023",134.22,136.24,133.19,133.71,130.8,"7,625,100",1060
"Dec 1, 2023",133.4,134.95,132.51,134.78,131.84,"4,593,700",1059
"Nov 30, 2023",132.21,133.96,130.39,133.81,130.89,"5,759,500",1058
"Nov 29, 2023",131.96,133.1,131.17,131.32,128.46,"2,918,900",1057
"Nov 28, 2023",131.33,131.8,130.22,131.67,128.8,"3,804,900",1056
"Nov 27, 2023",131.15,132.35,130.25,131.33,128.47,"3,736,700",1055
"Nov 24, 2023",130.5,131.47,129.76,131.46,128.6,"1,863,100",1054
"Nov 22, 2023",130.5,132.36,129.89,130.5,127.66,"3,587,900",1053
"Nov 21, 2023",130.22,130.87,128.71,130.8,127.95,"4,057,900",1052
"Nov 20, 2023",129.35,130.23,128.37,129.65,126.83,"5,810,200",1051
"Nov 17, 2023",130.38,131.09,128.9,129.89,127.06,"5,982,500",1050
"Nov 16, 2023",127.26,130.81,127.19,129.94,127.11,"12,033,200",1049
"Nov 15, 2023",126.08,131.53,124.88,130.46,127.62,"32,230,800",1048
"Nov 14, 2023",108.25,112.31,108.08,110.79,108.38,"7,656,100",1047
"Nov 13, 2023",108.72,108.83,107.13,107.3,103.89,"4,016,000",1046
"Nov 10, 2023",107.11,108.63,105.23,108.33,104.88,"6,235,800",1045
"Nov 9, 2023",110.31,110.31,106.33,106.79,103.39,"5,604,600",1044
"Nov 8, 2023",111.04,111.94,109.3,109.85,106.35,"4,514,000",1043
"Nov 7, 2023",110.83,112.67,110.8,111.35,107.81,"2,859,100",1042
"Nov 6, 2023",113.29,113.44,110.92,111.05,107.52,"3,696,200",1041
"Nov 3, 2023",112.2,114.21,112.08,112.85,109.26,"4,340,100",1040
"Nov 2, 2023",110.24,111.83,108.92,111.07,107.54,"3,817,800",1039
"Nov 1, 2023",111.08,111.08,108.61,109.54,106.05,"3,081,500",1038
"Oct 31, 2023",108.88,111.28,108.46,110.79,107.26,"5,549,400",1037
"Oct 30, 2023",107.76,109.1,106.6,108.67,105.21,"3,852,700",1036
"Oct 27, 2023",110.52,111.1,106.89,107.23,103.82,"3,448,200",1035
"Oct 26, 2023",110.2,111.91,109.99,110.87,107.34,"3,092,400",1034
"Oct 25, 2023",108.43,111.08,107.92,110.36,106.85,"4,123,200",1033
"Oct 24, 2023",107.67,109.23,107.31,108.68,105.22,"2,518,100",1032
"Oct 23, 2023",108.09,108.45,106.66,107.42,104,"3,189,800",1031
"Oct 20, 2023",108.25,110.24,107.7,108.83,105.37,"4,213,700",1030
"Oct 19, 2023",110.22,110.9,108.33,108.36,104.91,"4,249,500",1029
"Oct 18, 2023",111.94,111.97,109.93,110.21,106.7,"2,940,800",1028
"Oct 17, 2023",111.18,113.18,110.75,112.56,108.98,"3,387,900",1027
"Oct 16, 2023",112.56,112.79,109.79,111.39,107.85,"3,872,700",1026
"Oct 13, 2023",111.21,112.23,110.01,111.98,108.42,"4,651,400",1025
"Oct 12, 2023",112.99,113,109.51,110.8,107.27,"6,497,300",1024
"Oct 11, 2023",110.12,110.41,106.93,108.99,105.52,"3,977,400",1023
"Oct 10, 2023",106.45,111.16,106.21,109.63,106.14,"6,791,800",1022
"Oct 9, 2023",105.24,106.12,103.74,105.76,102.4,"4,819,900",1021
"Oct 6, 2023",104.75,106.27,102.93,105.01,101.67,"7,547,600",1020
"Oct 5, 2023",105.87,106.7,104.63,105.15,101.8,"4,749,300",1019
"Oct 4, 2023",108.4,108.4,105.75,106.62,103.23,"5,523,100",1018
"Oct 3, 2023",106.18,108.59,106.18,107.16,103.75,"5,370,300",1017
"Oct 2, 2023",110.35,110.39,105.75,106.69,103.3,"6,121,300",1016
"Sep 29, 2023",110.37,111.65,109.88,110.57,107.05,"4,737,200",1015
"Sep 28, 2023",109.54,110.48,108.15,109.56,106.07,"4,676,500",1014
"Sep 27, 2023",109.38,110.64,108.49,109.74,106.25,"4,498,100",1013
"Sep 26, 2023",111.36,112.39,109.12,109.48,106,"6,022,200",1012
"Sep 25, 2023",112.11,112.75,110.53,112.26,108.69,"5,353,300",1011
"Sep 22, 2023",116.97,117.37,112.54,112.6,109.02,"6,593,700",1010
"Sep 21, 2023",119.55,120.34,116.88,117.32,113.59,"4,133,200",1009
"Sep 20, 2023",120.58,121.54,120.07,120.41,116.58,"3,263,500",1008
"Sep 19, 2023",119.46,120.79,118.95,120.17,116.35,"4,056,200",1007
"Sep 18, 2023",122.92,122.92,118.55,119.34,115.54,"5,415,200",1006
"Sep 15, 2023",124.76,125.1,122.72,123.05,119.13,"4,918,700",1005
"Sep 14, 2023",123.6,124.96,122.81,124.77,120.8,"3,760,900",1004
"Sep 13, 2023",122.74,123.68,122.49,122.93,119.02,"2,541,500",1003
"Sep 12, 2023",122.9,123.48,122.25,122.4,118.51,"2,930,600",1002
"Sep 11, 2023",124.35,124.61,122.54,122.67,118.77,"2,613,100",1001
"Sep 8, 2023",124.36,124.73,122.53,123.69,119.75,"2,923,200",1000
"Sep 7, 2023",123.85,124.88,123.52,124.46,120.5,"3,267,200",999
"Sep 6, 2023",125.19,125.47,123.13,123.71,119.77,"3,562,100",998
"Sep 5, 2023",125.42,127.47,125,125.19,121.21,"3,427,300",997
"Sep 1, 2023",127.55,127.7,125.15,125.52,121.53,"2,995,500",996
"Aug 31, 2023",126.35,127.7,125.84,126.55,122.52,"4,234,600",995
"Aug 30, 2023",125.77,127.35,125.37,126.95,122.91,"3,276,700",994
"Aug 29, 2023",123.82,127.66,123.77,126.16,122.15,"5,267,400",993
"Aug 28, 2023",121.93,123.73,121.44,123.43,119.5,"5,116,600",992
"Aug 25, 2023",124,124.1,120.75,121.79,117.91,"7,279,700",991
"Aug 24, 2023",122.62,124.44,122.12,124.1,120.15,"4,308,100",990
"Aug 23, 2023",124.32,125.39,122.79,123.21,119.29,"4,797,500",989
"Aug 22, 2023",125.52,126.07,122.64,124.94,120.96,"8,792,900",988
"Aug 21, 2023",130.49,131.75,127.43,127.79,123.72,"5,928,600",987
"Aug 18, 2023",129.61,132.42,129.06,131.21,127.04,"5,754,500",986
"Aug 17, 2023",128.54,132.85,128.43,130.11,125.97,"8,659,600",985
"Aug 16, 2023",135,135.25,127.53,128.75,124.65,"23,754,400",984
"Aug 15, 2023",127.95,129.32,124.96,125.05,121.07,"9,416,500",983
"Aug 14, 2023",130.73,131.82,128.87,129.42,124.24,"4,425,100",982
"Aug 11, 2023",130.03,131.69,130.02,131.05,125.8,"3,802,400",981
"Aug 10, 2023",131.25,132.51,130.52,130.92,125.68,"4,375,600",980
"Aug 9, 2023",131.35,132.07,130.26,130.6,125.37,"2,761,200",979
"Aug 8, 2023",130.62,131.21,129.35,130.98,125.73,"4,359,100",978
"Aug 7, 2023",133.02,133.7,131.34,131.94,126.66,"3,036,700",977
"Aug 4, 2023",133.8,134.62,131.97,132.53,127.22,"3,479,900",976
"Aug 3, 2023",133.23,134.04,132.6,132.73,127.41,"3,723,100",975
"Aug 2, 2023",132.2,134.09,131.82,133.54,128.19,"3,562,700",974
"Aug 1, 2023",136.33,136.54,132.95,132.99,127.66,"4,060,700",973
"Jul 31, 2023",135.26,136.89,135.26,136.47,131,"6,055,300",972
"Jul 28, 2023",135.85,136.74,134.81,135,129.59,"2,957,500",971
"Jul 27, 2023",135.33,138.28,134.5,134.5,129.11,"5,538,800",970
"Jul 26, 2023",132.76,135.54,132.46,134.47,129.08,"5,180,100",969
"Jul 25, 2023",135.09,135.83,133.34,133.6,128.25,"3,849,400",968
"Jul 24, 2023",134.32,135.6,133.83,135.41,129.99,"2,622,600",967
"Jul 21, 2023",135.13,136.36,133.6,134.08,128.71,"4,030,700",966
"Jul 20, 2023",133.13,135.29,132.48,134.64,129.25,"4,174,700",965
"Jul 19, 2023",131.5,132.93,130.88,132.7,127.39,"3,229,200",964
"Jul 18, 2023",130.35,131.97,129.04,130.81,125.57,"3,786,400",963
"Jul 17, 2023",130.8,130.83,128.55,130.01,124.8,"4,731,500",962
"Jul 14, 2023",132.09,132.68,130.66,130.92,125.68,"4,119,500",961
"Jul 13, 2023",133.37,134.3,132.69,132.82,127.5,"3,077,400",960
"Jul 12, 2023",134.85,135.41,132.84,132.91,127.59,"3,758,300",959
"Jul 11, 2023",132.04,134.3,131.37,133.39,128.05,"4,094,900",958
"Jul 10, 2023",130.28,131.86,130.28,131.74,126.46,"3,831,300",957
"Jul 7, 2023",130.5,132.22,129.86,130.05,124.84,"4,251,100",956
"Jul 6, 2023",131.88,132.97,130.43,130.84,125.6,"4,882,300",955
"Jul 5, 2023",134.24,134.49,132.49,132.55,127.24,"5,186,900",954
"Jul 3, 2023",131.59,135.32,131.59,134.86,129.46,"4,134,600",953
"Jun 30, 2023",133.81,133.85,131.13,131.9,126.62,"7,312,200",952
"Jun 29, 2023",132.48,134.06,131.77,132.91,127.59,"6,055,200",951
"Jun 28, 2023",132.7,133.38,131.88,132.47,127.17,"4,601,900",950
"Jun 27, 2023",133.2,134.84,132.41,132.51,127.2,"6,047,600",949
"Jun 26, 2023",132.35,135.46,132.34,134.5,129.11,"4,831,100",948
"Jun 23, 2023",131.01,132.41,130.32,131.83,126.55,"6,973,100",947
"Jun 22, 2023",133.44,133.76,131.43,132.39,127.09,"4,620,600",946
"Jun 21, 2023",132.36,133.98,131.33,133.22,127.89,"3,845,500",945
"Jun 20, 2023",133.12,133.29,131.42,132.72,127.41,"5,355,200",944
"Jun 16, 2023",138.06,138.06,133.64,133.81,128.45,"9,895,800",943
"Jun 15, 2023",135.11,138.08,134.6,137.84,132.32,"10,063,100",942
"Jun 14, 2023",129.2,134.53,127.93,133.23,127.89,"14,968,700",941
"Jun 13, 2023",127.5,129.4,126.74,128.72,123.57,"6,916,300",940
"Jun 12, 2023",127.3,127.39,125.08,126.48,121.41,"8,248,400",939
"Jun 9, 2023",129.5,130.6,126.95,126.99,121.9,"9,386,000",938
"Jun 8, 2023",131.5,132.77,130.22,131.27,126.01,"6,162,000",937
"Jun 7, 2023",132.03,132.31,131.01,131.75,126.47,"5,504,400",936
"Jun 6, 2023",130.1,132.96,129.93,132.7,127.39,"6,065,200",935
"Jun 5, 2023",131.67,132.51,129.72,130.6,125.37,"7,702,900",934
"Jun 2, 2023",131.24,133.28,130.56,133.22,127.89,"7,589,100",933
"Jun 1, 2023",128.6,132.03,126.75,131.16,125.91,"13,678,400",932
"May 31, 2023",134.24,135.26,130.63,130.93,125.69,"20,234,400",931
"May 30, 2023",138.22,138.89,133.58,133.84,128.48,"10,931,900",930
"May 26, 2023",140.31,140.48,137.21,138.93,133.37,"8,100,400",929
"May 25, 2023",142.18,142.2,138.65,140.75,135.11,"7,409,500",928
"May 24, 2023",145.8,145.89,142.13,143.1,137.37,"6,738,300",927
"May 23, 2023",150.33,151.33,146.94,147.16,141.27,"4,374,100",926
"May 22, 2023",151,152.74,149.77,151.91,145.83,"3,717,000",925
"May 19, 2023",154.9,155.27,150.93,152.28,146.18,"4,454,700",924
"May 18, 2023",160.87,161.62,153.25,154.18,148.01,"7,881,600",923
"May 17, 2023",155.8,162.84,155.12,160.96,154.51,"8,387,700",922
"May 16, 2023",157.38,160.85,154.7,156.91,150.63,"5,805,900",921
"May 15, 2023",157.97,160.79,157.4,160.57,153.1,"4,055,200",920
"May 12, 2023",157.8,159.3,156.03,157.99,150.64,"3,361,600",919
"May 11, 2023",157.38,159.31,156.54,158.87,151.48,"2,832,000",918
"May 10, 2023",158.18,159.3,155.02,157.73,150.4,"2,804,800",917
"May 9, 2023",155.7,157.86,155.42,157.42,150.1,"1,886,000",916
"May 8, 2023",156.48,157.79,155.65,156.5,149.22,"1,495,200",915
"May 5, 2023",154.49,157.77,154.17,156.3,149.03,"2,186,900",914
"May 4, 2023",154.18,154.5,150.87,152.53,145.44,"2,653,600",913
"May 3, 2023",155.32,158.62,154.34,154.57,147.38,"2,385,700",912
"May 2, 2023",156.55,156.8,153.57,155.72,148.48,"2,277,400",911
"May 1, 2023",157.68,158.75,156.34,157.12,149.81,"1,964,500",910
"Apr 28, 2023",158.65,159.66,155.95,157.75,150.41,"3,432,600",909
"Apr 27, 2023",156.23,158.6,155.13,158.15,150.8,"3,037,900",908
"Apr 26, 2023",156.95,158.61,154.79,155.45,148.22,"3,077,400",907
"Apr 25, 2023",163.95,164.11,157.33,157.61,150.28,"2,723,300",906
"Apr 24, 2023",162.31,164.2,162.31,163.94,156.32,"2,313,100",905
"Apr 21, 2023",161.32,164.53,160.94,162.18,154.64,"2,743,600",904
"Apr 20, 2023",160.92,162.49,159.78,160.28,152.83,"2,809,900",903
"Apr 19, 2023",160.75,162.85,160.21,162.51,154.95,"2,183,700",902
"Apr 18, 2023",162.95,163.03,161.99,162.4,154.85,"2,195,400",901
"Apr 17, 2023",161.51,163.08,161.24,162.7,155.13,"2,566,500",900
"Apr 14, 2023",163,165.47,159.89,161,153.51,"2,370,100",899
"Apr 13, 2023",164.04,164.94,161.7,163.27,155.68,"2,464,600",898
"Apr 12, 2023",170.46,170.77,163.19,163.51,155.91,"3,900,300",897
"Apr 11, 2023",169.71,171.24,169.38,169.58,161.69,"2,155,500",896
"Apr 10, 2023",165.08,169.68,164.59,169,161.14,"2,724,400",895
"Apr 6, 2023",162.57,165.84,160.68,165.58,157.88,"2,552,900",894
"Apr 5, 2023",165.8,166.99,164.06,165.24,157.56,"2,762,100",893
"Apr 4, 2023",165.71,167.02,164.95,166.05,158.33,"2,350,500",892
"Apr 3, 2023",166.4,167.96,165.33,166.06,158.34,"2,744,400",891
"Mar 31, 2023",161.5,165.83,160.95,165.63,157.93,"3,094,100",890
"Mar 30, 2023",159.8,161.41,159.67,160.27,152.82,"2,237,400",889
"Mar 29, 2023",160.89,161,155.92,158.11,150.76,"4,219,400",888
"Mar 28, 2023",159.05,161.26,158.1,159.77,152.34,"2,910,600",887
"Mar 27, 2023",157.34,160.04,156.48,159.38,151.97,"3,078,700",886
"Mar 24, 2023",154.72,156.57,152.68,156.22,148.96,"2,703,700",885
"Mar 23, 2023",158.75,159.24,154.45,156.12,148.86,"2,791,700",884
"Mar 22, 2023",162.9,163.11,157.37,157.47,150.15,"2,909,900",883
"Mar 21, 2023",164.23,164.77,161.48,162.71,155.14,"2,497,200",882
"Mar 20, 2023",159.37,163.37,159.26,163.24,155.65,"2,875,800",881
"Mar 17, 2023",162.73,163.46,158.29,159.36,151.95,"13,175,000",880
"Mar 16, 2023",157.55,163.24,157.23,163.05,155.47,"2,510,100",879
"Mar 15, 2023",156.33,159.86,156.1,159.13,151.73,"2,633,900",878
"Mar 14, 2023",159.77,160.32,156.55,158.37,151.01,"2,574,200",877
"Mar 13, 2023",156.32,160.73,156.23,157.92,150.58,"2,342,500",876
"Mar 10, 2023",160.27,161.87,157.51,158.18,150.82,"2,754,200",875
"Mar 9, 2023",164.31,164.7,160.47,160.64,153.17,"1,872,200",874
"Mar 8, 2023",162.9,163.73,162.17,163.51,155.91,"1,752,700",873
"Mar 7, 2023",165.83,166.62,162.58,162.82,155.25,"2,410,800",872
"Mar 6, 2023",166.59,166.76,164.52,165.2,157.52,"2,220,900",871
"Mar 3, 2023",166.15,166.21,164.32,166,158.28,"2,318,600",870
"Mar 2, 2023",161.21,165.99,160.95,165.94,158.22,"2,829,200",869
"Mar 1, 2023",168.16,168.4,160.8,162.4,154.85,"5,835,700",868
"Feb 28, 2023",168.73,172.67,167.1,168.5,160.66,"10,669,300",867
"Feb 27, 2023",168.67,169.87,165.48,166.81,159.05,"5,245,000",866
"Feb 24, 2023",164.08,167.43,163,166.96,159.2,"2,888,800",865
"Feb 23, 2023",165.9,165.9,161.87,165.5,157.8,"2,718,500",864
"Feb 22, 2023",165.6,169.3,165.2,165.72,158.01,"2,941,000",863
"Feb 21, 2023",169.52,170.99,166.17,166.22,158.49,"4,133,600",862
"Feb 17, 2023",173.35,173.52,170.89,173.22,165.16,"2,678,100",861
"Feb 16, 2023",174.2,177.29,173.77,174.54,166.42,"2,318,700",860
"Feb 15, 2023",170.01,176.29,169.95,176.02,167.83,"2,954,400",859
"Feb 14, 2023",171.55,172.98,168.84,171.17,163.21,"2,418,400",858
"Feb 13, 2023",170.99,173.5,170.33,173.32,164.23,"2,432,600",857
"Feb 10, 2023",170.32,171.2,168.79,170.02,161.1,"1,841,400",856
"Feb 9, 2023",172.7,174.02,170.56,171.37,162.38,"1,656,100",855
"Feb 8, 2023",173.52,173.97,171.51,171.79,162.78,"2,037,000",854
"Feb 7, 2023",173.55,175.44,171.94,174.76,165.59,"2,256,700",853
"Feb 6, 2023",174.69,175.38,171.72,173.84,164.72,"2,642,700",852
"Feb 3, 2023",177.27,179.07,175.2,176.76,167.49,"2,941,600",851
"Feb 2, 2023",177.71,181.7,176.9,181.02,171.53,"4,003,800",850
"Feb 1, 2023",172.11,177.68,169.91,177.08,167.79,"4,022,200",849
"Jan 31, 2023",168.12,172.22,168.12,172.14,163.11,"3,716,000",848
"Jan 30, 2023",167,169.59,165.74,168.68,159.83,"3,453,500",847
"Jan 27, 2023",168,170.32,166.79,168.51,159.67,"3,850,300",846
"Jan 26, 2023",165.7,167.1,164.48,167.03,158.27,"2,079,100",845
"Jan 25, 2023",162.5,164.21,160.64,164.21,155.6,"2,248,200",844
"Jan 24, 2023",169.82,169.82,163.26,163.55,154.97,"1,902,000",843
"Jan 23, 2023",162.21,165.49,161.35,164.63,156,"2,371,400",842
"Jan 20, 2023",159.63,162.75,158.5,162.21,153.7,"3,122,000",841
"Jan 19, 2023",159.5,160.61,157.53,159.1,150.76,"2,881,300",840
"Jan 18, 2023",163.41,165.19,160.63,160.83,152.4,"2,798,100",839
"Jan 17, 2023",164.49,165.69,162.07,162.1,153.6,"3,527,900",838
"Jan 13, 2023",159.32,164.93,159.13,164.6,155.97,"5,161,200",837
"Jan 12, 2023",160,160.25,156.48,159.75,151.37,"3,222,600",836
"Jan 11, 2023",157.15,159,155.9,158.97,150.63,"3,146,800",835
"Jan 10, 2023",157.42,157.54,154.84,155.97,147.79,"2,554,900",834
"Jan 9, 2023",159.88,160.37,156.34,156.35,148.15,"3,853,800",833
"Jan 6, 2023",157.65,161.06,156.88,160.15,151.75,"4,944,200",832
"Jan 5, 2023",152.21,154.51,150.29,154.26,146.17,"3,266,000",831
"Jan 4, 2023",148.26,154.32,147.68,152.72,144.71,"4,443,300",830
"Jan 3, 2023",149.98,152.64,149.58,151.73,143.77,"3,685,200",829
"Dec 30, 2022",147.23,149.08,146.8,149.04,141.22,"2,391,100",828
"Dec 29, 2022",146.97,149.66,146.88,148.37,140.59,"2,829,000",827
"Dec 28, 2022",145.31,147.22,144.85,145.8,138.15,"2,623,200",826
"Dec 27, 2022",143,146.28,142.4,145.55,137.92,"3,112,500",825
"Dec 23, 2022",140.86,143.27,139.88,143.15,135.64,"2,464,800",824
"Dec 22, 2022",141.5,141.71,139.68,141.35,133.94,"3,846,500",823
"Dec 21, 2022",142.26,144.19,141.97,142.3,134.84,"3,510,200",822
"Dec 20, 2022",142.9,143.96,142.45,143.25,135.74,"3,175,400",821
"Dec 19, 2022",146.6,147,143.56,144.65,137.06,"4,186,700",820
"Dec 16, 2022",146.05,147.66,145.55,146.45,138.77,"8,367,000",819
"Dec 15, 2022",149.86,150,145.32,147.6,139.86,"5,415,500",818
"Dec 14, 2022",150.5,154.65,150.14,152.51,144.51,"3,749,100",817
"Dec 13, 2022",153.2,154.1,149.7,150.87,142.96,"4,178,900",816
"Dec 12, 2022",150.5,150.68,148.43,150.03,142.16,"4,433,800",815
"Dec 9, 2022",153.41,154.72,152.12,152.28,144.29,"2,905,900",814
"Dec 8, 2022",154.04,155.26,153.17,154.21,146.12,"3,107,100",813
"Dec 7, 2022",153.5,155.69,153.39,153.76,145.7,"3,685,200",812
"Dec 6, 2022",155.82,156.68,153.28,155.05,146.92,"4,721,800",811
"Dec 5, 2022",162.89,162.89,154.79,154.93,146.8,"6,233,200",810
"Dec 2, 2022",163.31,164.86,162.45,164.16,155.55,"3,442,900",809
"Dec 1, 2022",166.47,167.43,163.05,165.03,156.38,"4,989,200",808
"Nov 30, 2022",165.88,167.23,162.74,167.07,158.31,"11,376,700",807
"Nov 29, 2022",164.43,166.97,161.51,166.37,157.64,"5,231,700",806
"Nov 28, 2022",162.81,166.89,162.81,165.37,156.7,"4,624,100",805
"Nov 25, 2022",163.5,163.96,161.6,163.38,154.81,"1,883,000",804
"Nov 23, 2022",158.48,164.14,158.25,163.41,154.84,"4,833,500",803
"Nov 22, 2022",158.79,159.91,155.75,157.86,149.58,"6,364,100",802
"Nov 21, 2022",161.08,161.93,156.77,158.02,149.73,"5,964,700",801
"Nov 18, 2022",161.98,164.7,160,162.88,154.34,"7,280,900",800
"Nov 17, 2022",153.48,162.18,152.72,162.01,153.51,"11,300,500",799
"Nov 16, 2022",149.85,158.49,148.75,155.47,147.32,"36,731,500",798
"Nov 15, 2022",177,180.46,176.9,178.98,169.59,"8,606,000",797
"Nov 14, 2022",172.64,176.8,172.35,173.26,163.15,"5,753,800",796
"Nov 11, 2022",165.12,174.83,164.95,173.32,163.21,"5,828,300",795
"Nov 10, 2022",158.94,164.55,158.39,164.38,154.79,"4,962,900",794
"Nov 9, 2022",161.08,161.59,152.5,152.99,144.06,"4,018,400",793
"Nov 8, 2022",161.32,164.66,159.81,161.62,152.19,"3,284,600",792
"Nov 7, 2022",161.24,161.41,158,159.87,150.54,"2,424,100",791
"Nov 4, 2022",162.41,162.75,156.26,159.63,150.32,"2,653,500",790
"Nov 3, 2022",157.98,160.79,157.75,159.8,150.48,"3,041,600",789
"Nov 2, 2022",164.58,165.89,160.08,160.2,150.85,"3,377,900",788
"Nov 1, 2022",166.44,166.98,162.57,164.59,154.99,"3,051,000",787
"Oct 31, 2022",166,167.36,164.02,164.25,154.67,"3,792,500",786
"Oct 28, 2022",166.26,167.94,163.04,167.52,157.75,"3,066,800",785
"Oct 27, 2022",168.22,170.3,166.8,166.9,157.16,"2,957,400",784
"Oct 26, 2022",167.84,170.75,165.32,166.77,157.04,"3,453,500",783
"Oct 25, 2022",162.8,166.31,161.99,165.8,156.13,"4,177,900",782
"Oct 24, 2022",160.3,162.9,159.63,161.82,152.38,"2,974,100",781
"Oct 21, 2022",154.54,159.26,154.3,159.19,149.9,"3,508,300",780
"Oct 20, 2022",155.98,159.16,153.42,154.4,145.39,"3,079,800",779
"Oct 19, 2022",157.19,158.19,154.13,155.39,146.32,"2,611,500",778
"Oct 18, 2022",155.53,161.13,155.01,157.23,148.06,"5,563,400",777
"Oct 17, 2022",147.74,151,146.68,149.25,140.54,"3,177,400",776
"Oct 14, 2022",154.48,155.19,145.19,145.69,137.19,"4,762,800",775
"Oct 13, 2022",151.21,156.06,148.87,154.12,145.13,"3,393,900",774
"Oct 12, 2022",154.74,157,154.04,154.16,145.16,"2,265,100",773
"Oct 11, 2022",153.5,157.72,152.71,154.5,145.48,"2,408,100",772
"Oct 10, 2022",152.98,153.88,150.48,153.1,144.17,"2,055,800",771
"Oct 7, 2022",154.34,154.52,150.72,152.34,143.45,"2,771,900",770
"Oct 6, 2022",157.46,159,155.48,155.75,146.66,"2,603,400",769
"Oct 5, 2022",155,157.55,153.41,156.41,147.28,"2,491,700",768
"Oct 4, 2022",154.7,158.29,154.34,156.96,147.8,"3,028,600",767
"Oct 3, 2022",149.67,152.62,148.39,151.79,142.93,"2,847,500",766
"Sep 30, 2022",151.59,152.23,145.5,148.39,139.73,"4,328,300",765
"Sep 29, 2022",154.2,154.75,150.9,151.79,142.93,"3,170,400",764
"Sep 28, 2022",149.54,156.95,149.31,155.87,146.77,"4,254,000",763
"Sep 27, 2022",150.47,152.26,146.86,148.47,139.81,"2,941,400",762
"Sep 26, 2022",151.56,152.51,147.37,148.71,140.03,"3,967,800",761
"Sep 23, 2022",151.95,152.78,149.71,152.61,143.71,"3,796,600",760
"Sep 22, 2022",158.24,158.43,152.64,152.96,144.03,"3,984,700",759
"Sep 21, 2022",161,163.82,159.03,159.03,149.75,"2,809,500",758
"Sep 20, 2022",163.3,163.75,158.22,160.03,150.69,"3,019,600",757
"Sep 19, 2022",163,165.09,162.03,164.76,155.15,"2,607,200",756
"Sep 16, 2022",162.73,165.64,161.71,164.09,154.52,"4,843,500",755
"Sep 15, 2022",165.45,168.99,164.7,165.01,155.38,"2,909,300",754
"Sep 14, 2022",167.86,168.88,163.4,165.38,155.73,"3,618,800",753
"Sep 13, 2022",170.05,171.75,165.69,166.24,156.54,"3,585,400",752
"Sep 12, 2022",175.11,176.13,173.14,173.85,163.71,"3,024,600",751
"Sep 9, 2022",171.75,174.57,171.54,173.65,163.52,"3,379,500",750
"Sep 8, 2022",169.07,172.21,168.72,171.9,161.87,"2,817,100",749
"Sep 7, 2022",163.22,171.72,162.78,170.79,160.82,"5,206,400",748
"Sep 6, 2022",164.51,164.79,159.33,163.58,154.03,"4,530,300",747
"Sep 2, 2022",165.51,166.34,163.29,164.6,155,"3,563,200",746
"Sep 1, 2022",159.29,164.9,158.1,164.84,155.22,"4,021,400",745
"Aug 31, 2022",161.25,161.31,158.26,160.34,150.98,"4,901,300",744
"Aug 30, 2022",158.7,161.09,157.18,160.78,151.4,"3,249,700",743
"Aug 29, 2022",159.25,160.45,158.16,158.69,149.43,"2,531,100",742
"Aug 26, 2022",168.01,168.12,160.6,160.62,151.25,"3,607,600",741
"Aug 25, 2022",162.63,167.55,161.6,167.5,157.73,"3,071,400",740
"Aug 24, 2022",162.07,164.54,159.72,163.13,153.61,"3,407,100",739
"Aug 23, 2022",161.94,162.82,160.15,161.97,152.52,"3,795,100",738
"Aug 22, 2022",165.07,165.98,161.36,161.96,152.51,"4,630,100",737
"Aug 19, 2022",171.83,171.92,166.79,167.04,157.29,"5,015,800",736
"Aug 18, 2022",173.98,175.14,171.58,173.05,162.95,"4,241,300",735
"Aug 17, 2022",174.16,177.99,170.83,175.34,165.11,"13,409,000",734
"Aug 16, 2022",177.11,183.89,175.56,180.19,169.68,"9,057,600",733
"Aug 15, 2022",171.83,174.16,170.2,173.39,162.26,"3,788,600",732
"Aug 12, 2022",171.07,172.49,170.05,172.48,161.4,"2,357,300",731
"Aug 11, 2022",171.07,172.99,168.88,169.6,158.71,"4,278,800",730
"Aug 10, 2022",169.04,172.93,167.75,169.67,158.77,"4,539,900",729
"Aug 9, 2022",165.77,166.08,163.91,165.12,154.52,"2,608,600",728
"Aug 8, 2022",166.66,170.99,166.43,166.97,156.25,"2,806,400",727
"Aug 5, 2022",165.05,166.9,164.4,166.13,155.46,"2,205,400",726
"Aug 4, 2022",167.63,168.5,165.73,166.56,155.86,"3,157,600",725
"Aug 3, 2022",164.38,169.65,164.38,167.92,157.14,"4,057,000",724
"Aug 2, 2022",164.52,166.33,163.29,163.48,152.98,"3,109,400",723
"Aug 1, 2022",168.64,169.11,165.35,165.55,154.92,"4,534,700",722
"Jul 29, 2022",160,164.04,158.53,163.38,152.89,"5,523,000",721
"Jul 28, 2022",155.1,160.06,154.67,159.42,149.18,"3,114,000",720
"Jul 27, 2022",153,155.84,150.8,154.6,144.67,"3,609,300",719
"Jul 26, 2022",149.73,152.62,149.5,151.81,142.06,"4,620,000",718
"Jul 25, 2022",158.4,158.48,156.61,157.49,147.38,"2,328,000",717
"Jul 22, 2022",159.35,160.79,156.63,157.74,147.61,"2,779,800",716
"Jul 21, 2022",156.48,158.75,154.99,158.66,148.47,"3,105,200",715
"Jul 20, 2022",153.8,156.61,152.21,156.5,146.45,"3,248,100",714
"Jul 19, 2022",151.35,153.54,149.76,153.36,143.51,"3,155,900",713
"Jul 18, 2022",148.55,152.78,147.78,149.36,139.77,"4,362,700",712
"Jul 15, 2022",147.92,148.68,145.85,146.67,137.25,"3,831,500",711
"Jul 14, 2022",143.54,146.55,142.92,146.29,136.9,"2,976,000",710
"Jul 13, 2022",142.66,147.33,142.23,145.44,136.1,"2,769,000",709
"Jul 12, 2022",146.66,149.66,143.6,144.56,135.28,"3,132,800",708
"Jul 11, 2022",147.99,148.71,145.79,146.39,136.99,"2,050,800",707
"Jul 8, 2022",149.89,150.03,147.46,147.99,138.49,"2,544,900",706
"Jul 7, 2022",145.78,150.13,145.24,149.96,140.33,"3,959,500",705
"Jul 6, 2022",145.46,146.08,143.03,144.81,135.51,"2,828,500",704
"Jul 5, 2022",141.41,146.06,139.3,145.71,136.35,"3,715,100",703
"Jul 1, 2022",140.76,142.5,139.5,142.38,133.24,"3,010,200",702
"Jun 30, 2022",140.18,143.23,137.16,141.23,132.16,"5,899,900",701
"Jun 29, 2022",144.21,144.49,141.32,141.9,132.79,"4,238,900",700
"Jun 28, 2022",150.44,151.31,144.33,144.52,135.24,"4,131,800",699
"Jun 27, 2022",151.16,151.93,148.03,149.61,140,"3,607,200",698
"Jun 24, 2022",147.17,151,146.48,150.42,140.76,"6,993,100",697
"Jun 23, 2022",141.82,147.3,140.83,146.81,137.38,"5,211,100",696
"Jun 22, 2022",143.19,144.32,140.24,140.81,131.77,"4,639,700",695
"Jun 21, 2022",141.55,145.7,140.85,144.7,135.41,"6,555,500",694
"Jun 17, 2022",141.08,141.8,138.58,139.3,130.35,"10,928,100",693
"Jun 16, 2022",144.92,147.08,142.01,142.89,133.71,"5,630,300",692
"Jun 15, 2022",142.52,149.27,142.11,147.44,137.97,"6,353,100",691
"Jun 14, 2022",144.88,146.43,141.29,142.7,133.54,"5,200,800",690
"Jun 13, 2022",146.53,147.39,143.87,144.81,135.51,"5,886,000",689
"Jun 10, 2022",151.51,152.72,149.63,149.67,140.06,"5,099,600",688
"Jun 9, 2022",156.75,158.29,154.49,154.55,144.63,"5,744,300",687
"Jun 8, 2022",154.43,159.63,153.35,156.7,146.64,"6,576,000",686
"Jun 7, 2022",148,157.95,147.15,155.98,145.96,"33,299,700",685
"Jun 6, 2022",161.4,162.05,158.75,159.67,149.42,"3,772,300",684
"Jun 3, 2022",159.19,162.86,159,161.04,150.7,"4,187,700",683
"Jun 2, 2022",156.56,161.06,156.08,160.91,150.58,"4,366,000",682
"Jun 1, 2022",161.88,163.16,156.48,156.52,146.47,"4,480,900",681
"May 31, 2022",166.51,166.79,161.43,161.88,151.48,"8,942,100",680
"May 27, 2022",163.24,167.2,163.2,167.14,156.41,"6,315,500",679
"May 26, 2022",157.98,163.33,157.85,163.2,152.72,"7,369,700",678
"May 25, 2022",150.24,156.98,149.52,156.42,146.38,"8,107,700",677
"May 24, 2022",151.58,152.09,145.51,149.95,140.32,"10,936,600",676
"May 23, 2022",154.99,156.11,153.28,153.9,144.02,"7,700,100",675
"May 20, 2022",153.62,155.8,150.89,155.36,145.38,"12,300,200",674
"May 19, 2022",161.27,161.43,151.28,153.43,143.58,"23,319,000",673
"May 18, 2022",163.07,168,155.2,161.61,151.23,"50,936,800",672
"May 17, 2022",210.63,215.58,209.13,215.28,201.46,"6,641,600",671
"May 16, 2022",220.11,221.65,216.27,219.25,204.33,"3,345,600",670
"May 13, 2022",219.99,223.3,217.81,219.73,204.78,"3,146,700",669
"May 12, 2022",213.36,220.82,213.06,217.27,202.48,"3,547,400",668
"May 11, 2022",219.4,220.92,212.38,213.49,198.96,"3,193,600",667
"May 10, 2022",226.59,228.75,216.69,219.11,204.2,"3,748,000",666
"May 9, 2022",223.2,228.18,222.32,224.2,208.94,"4,672,300",665
"May 6, 2022",225.85,229.66,222.65,225.21,209.88,"3,683,300",664
"May 5, 2022",235.61,235.86,228.3,230.76,215.06,"3,466,500",663
"May 4, 2022",231.85,238.59,229.14,237.43,221.27,"3,256,300",662
"May 3, 2022",231.04,234.49,229.5,232.54,216.71,"3,027,600",661
"May 2, 2022",230.15,233,225.16,229.78,214.14,"3,049,000",660
"Apr 29, 2022",234.49,235.83,228.21,228.65,213.09,"3,220,700",659
"Apr 28, 2022",234.43,237.62,230.78,236.39,220.3,"2,317,800",658
"Apr 27, 2022",236.45,237.53,230.47,230.97,215.25,"2,995,300",657
"Apr 26, 2022",239.56,242.5,236.41,236.5,220.4,"2,915,500",656
"Apr 25, 2022",239.99,242.92,238.27,241.66,225.21,"3,265,100",655
"Apr 22, 2022",246.55,247.2,241.43,241.68,225.23,"3,431,300",654
"Apr 21, 2022",250.85,254.87,247.61,248.17,231.28,"3,967,700",653
"Apr 20, 2022",248.62,250.97,246.44,249.32,232.35,"3,735,500",652
"Apr 19, 2022",240.31,247.2,239.47,246.05,229.3,"4,715,700",651
"Apr 18, 2022",235.54,241.26,235.08,239.39,223.1,"3,341,800",650
"Apr 14, 2022",233.91,238.19,233.11,237.2,221.06,"3,909,700",649
"Apr 13, 2022",230.3,235.19,229.51,233.82,217.91,"2,451,300",648
"Apr 12, 2022",232.3,235.41,230.39,231.34,215.6,"3,366,600",647
"Apr 11, 2022",233.26,235.96,228.91,229.31,213.7,"3,172,200",646
"Apr 8, 2022",233,236.07,230.62,233.34,217.46,"6,631,200",645
"Apr 7, 2022",219,229.81,218.43,228.19,212.66,"7,938,100",644
"Apr 6, 2022",211.67,217.09,211,215.94,201.24,"3,678,500",643
"Apr 5, 2022",213.49,218.37,213.18,214.79,200.17,"2,538,500",642
"Apr 4, 2022",210.19,214.61,206.19,214.41,199.82,"3,167,000",641
"Apr 1, 2022",213.32,214.13,209.61,210.54,196.21,"3,217,100",640
"Mar 31, 2022",218.33,220.2,212.06,212.22,197.78,"4,615,500",639
"Mar 30, 2022",221.67,223.69,220.63,221.96,206.85,"2,464,900",638
"Mar 29, 2022",222,224.57,220.2,222.93,207.76,"3,072,200",637
"Mar 28, 2022",218.06,219.52,216.45,219.52,204.58,"2,212,000",636
"Mar 25, 2022",218.05,219.93,216.33,218.61,203.73,"2,465,700",635
"Mar 24, 2022",217.03,218.71,216.16,217.04,202.27,"2,240,400",634
"Mar 23, 2022",222.27,222.73,215.94,216.72,201.97,"2,993,500",633
"Mar 22, 2022",223.71,224.63,221.75,222.77,207.61,"2,464,000",632
"Mar 21, 2022",226.03,228.46,221.32,223,207.82,"3,023,500",631
"Mar 18, 2022",218.89,226.14,218.08,226.05,210.67,"6,544,800",630
"Mar 17, 2022",215,220.9,214.48,220.63,205.61,"3,655,400",629
"Mar 16, 2022",216.93,218.7,211.74,215.59,200.92,"3,029,800",628
"Mar 15, 2022",210.51,216.2,210.51,215.35,200.69,"2,866,700",627
"Mar 14, 2022",208.21,210.91,204.95,208.76,194.55,"3,168,500",626
"Mar 11, 2022",215.66,216.53,206.8,206.97,192.88,"4,042,600",625
"Mar 10, 2022",213.6,215.48,210.08,214.78,200.16,"3,155,300",624
"Mar 9, 2022",213.72,218.42,213.44,216,201.3,"3,183,200",623
"Mar 8, 2022",211.23,213.91,206.7,208.81,194.6,"4,463,200",622
"Mar 7, 2022",224.1,224.61,210.57,211.04,196.68,"5,743,400",621
"Mar 4, 2022",222.73,225.09,221.64,224.1,208.85,"3,996,100",620
"Mar 3, 2022",226.12,229.19,222.37,223.84,208.61,"4,604,600",619
"Mar 2, 2022",222,226.12,218.66,224.9,209.59,"6,357,700",618
"Mar 1, 2022",226.83,227.1,218.55,219.43,204.5,"15,776,100",617
"Feb 28, 2022",197.36,201.18,195.84,199.77,186.17,"6,192,200",616
"Feb 25, 2022",191.51,199.5,191.32,199.22,185.66,"4,098,500",615
"Feb 24, 2022",184.49,191.76,184,191.55,178.51,"3,917,700",614
"Feb 23, 2022",196.9,197.87,189.61,189.9,176.98,"4,471,300",613
"Feb 22, 2022",202.63,203.18,194.5,196.35,182.99,"5,621,300",612
"Feb 18, 2022",204.52,206.63,203.48,204.39,190.48,"3,321,700",611
"Feb 17, 2022",206.59,206.95,203.87,204,190.12,"3,865,900",610
"Feb 16, 2022",206.88,208.85,204.8,207.81,193.67,"3,340,600",609
"Feb 15, 2022",209.32,209.32,205.8,207.18,193.08,"4,739,300",608
"Feb 14, 2022",211.19,211.5,205.71,208.57,193.54,"4,066,700",607
"Feb 11, 2022",214.16,214.75,210.79,211.56,196.31,"2,852,400",606
"Feb 10, 2022",214.38,217.5,212.71,213.84,198.43,"3,038,100",605
"Feb 9, 2022",214.99,217.18,214.05,216.64,201.02,"2,562,700",604
"Feb 8, 2022",211.08,214.66,210.65,212.95,197.6,"2,926,600",603
"Feb 7, 2022",214.73,215.16,210.3,211.29,196.06,"4,402,800",602
"Feb 4, 2022",214.12,215.5,210.54,214.04,198.61,"3,754,700",601
"Feb 3, 2022",214.25,218.32,212.57,213.22,197.85,"6,357,800",600
"Feb 2, 2022",218.26,220.09,215.33,217.61,201.92,"4,588,500",599
"Feb 1, 2022",221.99,222.52,216.33,219.23,203.43,"4,117,400",598
"Jan 31, 2022",216.91,220.73,216.33,220.43,204.54,"4,151,100",597
"Jan 28, 2022",214.29,217.79,210.52,217.67,201.98,"2,906,200",596
"Jan 27, 2022",215.33,217.32,211.39,212.18,196.89,"4,004,300",595
"Jan 26, 2022",215.62,217.17,210.38,211.71,196.45,"4,207,500",594
"Jan 25, 2022",218.36,218.68,212.91,214.68,199.21,"4,929,100",593
"Jan 24, 2022",215.39,221.03,211.92,220.58,204.68,"5,617,700",592
"Jan 21, 2022",220,220.89,214.22,217.25,201.59,"7,859,300",591
"Jan 20, 2022",225.02,229.31,221.14,221.72,205.74,"4,307,900",590
"Jan 19, 2022",221.75,228.3,220.64,223.84,207.71,"4,091,200",589
"Jan 18, 2022",218.78,220.95,217.28,220.01,204.15,"4,652,500",588
"Jan 14, 2022",222.42,224.3,218.39,221.4,205.44,"5,282,600",587
"Jan 13, 2022",225.28,226.8,223.75,225.83,209.55,"3,459,000",586
"Jan 12, 2022",228.19,230.14,224.1,224.47,208.29,"4,233,300",585
"Jan 11, 2022",228.09,228.71,224,227.55,211.15,"3,048,900",584
"Jan 10, 2022",228.53,228.64,223.02,227.42,211.03,"4,858,100",583
"Jan 7, 2022",230.18,233.2,229.1,230.78,214.15,"3,052,900",582
"Jan 6, 2022",222.74,232.66,222.74,231.35,214.67,"4,193,200",581
"Jan 5, 2022",234.81,236.33,228.77,228.86,212.36,"3,885,800",580
"Jan 4, 2022",232.01,235.64,231.57,234.17,217.29,"3,327,600",579
"Jan 3, 2022",231.07,232.28,228.76,231.95,215.23,"3,018,000",578
"Dec 31, 2021",232.77,233.62,229.22,231.44,214.76,"2,485,100",577
"Dec 30, 2021",228.8,233.87,228.8,231.91,215.19,"4,007,400",576
"Dec 29, 2021",225.37,229.57,225.37,227.92,211.49,"3,065,800",575
"Dec 28, 2021",224.45,227.5,223.64,224.91,208.7,"3,202,400",574
"Dec 27, 2021",222.1,224.69,220.86,224.1,207.95,"4,335,600",573
"Dec 23, 2021",218.55,222.14,218.29,221.01,205.08,"3,345,300",572
"Dec 22, 2021",219.8,221.28,217,217.74,202.05,"4,182,600",571
"Dec 21, 2021",219.88,220.78,216.48,220.07,204.21,"3,975,700",570
"Dec 20, 2021",221.03,221.5,214.6,219.19,203.39,"5,233,200",569
"Dec 17, 2021",224.83,226.29,221.47,223.31,207.21,"5,832,300",568
"Dec 16, 2021",235.96,236.65,224.49,224.78,208.58,"7,302,100",567
"Dec 15, 2021",233.6,236.82,231.55,236.65,219.59,"3,433,500",566
"Dec 14, 2021",230.91,236.16,230.91,235.28,218.32,"3,364,800",565
"Dec 13, 2021",237.92,238.52,232.4,234.17,217.29,"3,783,500",564
"Dec 10, 2021",237.16,239.75,236.69,238.18,221.01,"2,487,200",563
"Dec 9, 2021",239.11,239.7,235.83,237.56,220.44,"2,762,200",562
"Dec 8, 2021",246.74,247.33,238.2,239.6,222.33,"4,929,400",561
"Dec 7, 2021",244.63,246.23,243.67,245.63,227.93,"3,565,900",560
"Dec 6, 2021",248.46,248.85,242.32,242.97,225.46,"3,772,600",559
"Dec 3, 2021",246.73,248.41,245.31,247.57,229.73,"4,838,700",558
"Dec 2, 2021",241.89,246.62,241.39,245.5,227.8,"3,684,000",557
"Dec 1, 2021",245.68,248.4,240.23,240.39,223.06,"3,851,600",556
"Nov 30, 2021",246.36,246.99,242.24,243.84,226.26,"7,907,900",555
"Nov 29, 2021",248.54,251.58,247.01,249.16,231.2,"3,027,600",554
"Nov 26, 2021",248.69,251.46,245.78,246.57,228.8,"3,180,900",553
"Nov 24, 2021",247.9,249.62,246.12,248.76,230.83,"3,052,000",552
"Nov 23, 2021",245.65,249.72,243.43,249.18,231.22,"4,053,400",551
"Nov 22, 2021",251.43,251.68,241.21,244.57,226.94,"5,568,900",550
"Nov 19, 2021",251.1,253.88,250.41,250.7,232.63,"3,960,900",549
"Nov 18, 2021",256.09,256.64,249.65,252.05,233.88,"5,786,300",548
"Nov 17, 2021",253.99,257.17,251.47,253.8,235.51,"11,855,900",547
"Nov 16, 2021",263,267.53,262.74,266.39,247.19,"4,355,800",546
"Nov 15, 2021",262.79,268.98,261.4,264.33,244.44,"4,852,400",545
"Nov 12, 2021",257.38,261.87,256.68,260.02,240.46,"2,497,600",544
"Nov 11, 2021",254.27,256.58,253.7,256.01,236.75,"2,199,400",543
"Nov 10, 2021",254.03,256,252.65,254.05,234.94,"2,093,100",542
"Nov 9, 2021",252.78,255.42,252.57,255.16,235.96,"2,346,800",541
"Nov 8, 2021",253.25,256.1,252.03,253.33,234.27,"2,523,100",540
"Nov 5, 2021",261,261.24,252.81,254.27,235.14,"4,060,300",539
"Nov 4, 2021",260.66,262.51,259.42,260.44,240.84,"3,031,000",538
"Nov 3, 2021",258.7,260.65,256.72,260.41,240.82,"2,397,300",537
"Nov 2, 2021",259.03,261.2,258.54,260.26,240.68,"2,228,000",536
"Nov 1, 2021",261.55,261.8,257.49,257.92,238.51,"1,718,100",535
"Oct 29, 2021",256.51,259.78,256.51,259.62,240.09,"2,417,800",534
"Oct 28, 2021",258.26,260.15,257.53,258.22,238.79,"1,735,200",533
"Oct 27, 2021",258.94,259.39,255.72,256.54,237.24,"2,269,700",532
"Oct 26, 2021",261.4,261.51,257.51,258.73,239.26,"2,439,700",531
"Oct 25, 2021",256.82,261,256.1,260.35,240.76,"2,488,400",530
"Oct 22, 2021",255.48,257.41,254.59,255.93,236.67,"2,205,700",529
"Oct 21, 2021",251.62,254.24,251.4,254.21,235.08,"1,758,400",528
"Oct 20, 2021",254.31,254.74,251.31,251.83,232.88,"2,209,300",527
"Oct 19, 2021",254.53,256.95,251.8,252.19,233.22,"3,204,800",526
"Oct 18, 2021",244.95,253.74,244.54,253.65,234.57,"4,365,800",525
"Oct 15, 2021",243.3,247.35,242.15,245.71,227.22,"3,626,900",524
"Oct 14, 2021",238.8,243.8,236.23,242.09,223.88,"4,281,700",523
"Oct 13, 2021",231.5,236.77,230.52,236.75,218.94,"3,984,700",522
"Oct 12, 2021",230,231.4,228.5,230.24,212.92,"2,167,400",521
"Oct 11, 2021",228.57,231.25,228.34,228.72,211.51,"1,998,600",520
"Oct 8, 2021",230.05,231.72,228.32,228.9,211.68,"2,004,900",519
"Oct 7, 2021",228.55,231.5,228.4,229.82,212.53,"2,352,000",518
"Oct 6, 2021",226.15,227.54,224.78,226.83,209.76,"2,789,100",517
"Oct 5, 2021",227.06,229.51,225.66,227.56,210.44,"2,407,300",516
"Oct 4, 2021",227.93,229,222.88,225.89,208.89,"3,816,400",515
"Oct 1, 2021",229.25,229.49,223.85,228.42,211.23,"3,476,400",514
"Sep 30, 2021",235.88,235.88,228.13,228.77,211.56,"5,425,400",513
"Sep 29, 2021",234.57,237.62,233.81,235.85,218.11,"2,655,500",512
"Sep 28, 2021",236.9,237.36,232.86,233.44,215.88,"3,173,900",511
"Sep 27, 2021",240.25,242.34,237.87,238.58,220.63,"2,588,400",510
"Sep 24, 2021",241.33,242.81,240.38,241.44,223.27,"1,901,400",509
"Sep 23, 2021",243.5,245.17,242.44,242.67,224.41,"2,038,600",508
"Sep 22, 2021",242.37,243.38,239.72,241.77,223.58,"2,285,900",507
"Sep 21, 2021",242.84,245.06,241.24,241.31,223.15,"1,960,300",506
"Sep 20, 2021",243.48,246.17,239.56,242.14,223.92,"3,329,100",505
"Sep 17, 2021",245.45,248.53,245.45,246.67,228.11,"3,735,900",504
"Sep 16, 2021",245.23,247.5,244.75,246.95,228.37,"2,171,400",503
"Sep 15, 2021",242.33,244.86,241.8,244.14,225.77,"1,953,000",502
"Sep 14, 2021",243.39,244.41,241.78,242.24,224.01,"1,905,800",501
"Sep 13, 2021",245.5,246.25,241.6,243.1,224.81,"2,872,000",500
"Sep 10, 2021",247.21,247.7,244.19,244.54,226.14,"1,945,600",499
"Sep 9, 2021",245.97,247.32,244.62,245.44,226.97,"2,474,600",498
"Sep 8, 2021",242.73,246.19,242.39,246.11,227.59,"2,843,300",497
"Sep 7, 2021",243.92,244.59,241.59,242.72,224.46,"2,725,200",496
"Sep 3, 2021",245.09,245.18,243,244.31,225.93,"3,351,700",495
"Sep 2, 2021",246.33,246.96,245.15,245.81,227.32,"2,523,300",494
"Sep 1, 2021",247,247.55,244.26,246.37,227.83,"2,862,700",493
"Aug 31, 2021",249.15,249.6,245.42,246.98,228.4,"3,966,000",492
"Aug 30, 2021",249.21,251.38,249.15,249.36,230.6,"2,092,700",491
"Aug 27, 2021",248.15,250.47,247.68,249.18,230.43,"2,661,100",490
"Aug 26, 2021",250.43,250.51,247.3,248.96,230.23,"2,919,900",489
"Aug 25, 2021",250.5,252.26,249.41,251.15,232.25,"2,438,100",488
"Aug 24, 2021",253.5,253.5,250.28,250.65,231.79,"2,466,600",487
"Aug 23, 2021",254.26,255.22,252.34,252.53,233.53,"2,952,900",486
"Aug 20, 2021",246.67,253.98,246.62,253.4,234.33,"4,146,100",485
"Aug 19, 2021",244.53,249.53,244.4,245.41,226.95,"5,067,600",484
"Aug 18, 2021",248.99,255.79,246.25,247.58,228.95,"8,908,000",483
"Aug 17, 2021",260.45,260.45,252.05,254.65,235.49,"6,620,500",482
"Aug 16, 2021",260.09,263.49,256.75,263.15,242.52,"3,397,400",481
"Aug 13, 2021",262.69,263.7,260.62,261.54,241.03,"3,070,400",480
"Aug 12, 2021",263.95,264.6,261.05,261.88,241.35,"2,266,400",479
"Aug 11, 2021",264.55,267.06,262.45,263.01,242.39,"2,939,000",478
"Aug 10, 2021",262.97,265.75,262.01,264.07,243.37,"3,369,800",477
"Aug 9, 2021",260.1,262.79,260.08,262.41,241.84,"2,508,800",476
"Aug 6, 2021",261.93,262.99,259.34,260.09,239.7,"2,441,900",475
"Aug 5, 2021",261.77,262.71,259.98,261.4,240.91,"2,202,900",474
"Aug 4, 2021",261.2,262.89,260.24,260.53,240.1,"2,397,200",473
"Aug 3, 2021",258.11,263.3,257.96,262.2,241.64,"2,545,000",472
"Aug 2, 2021",262.08,262.31,254.8,257.24,237.07,"3,174,900",471
"Jul 30, 2021",260.74,263.46,258.73,261.05,240.58,"2,806,600",470
"Jul 29, 2021",258.19,261.84,257.38,261.66,241.15,"3,055,000",469
"Jul 28, 2021",257.29,258.86,256.38,257.42,237.24,"2,810,500",468
"Jul 27, 2021",260,260.26,255.69,258.36,238.1,"3,036,100",467
"Jul 26, 2021",260.88,262.38,259.09,260.86,240.41,"2,338,000",466
"Jul 23, 2021",257.78,261.11,257.53,261.03,240.56,"2,016,900",465
"Jul 22, 2021",257.4,257.79,254.98,257.01,236.86,"2,472,200",464
"Jul 21, 2021",255.25,256.43,254.3,256.05,235.98,"2,262,500",463
"Jul 20, 2021",251.1,256.38,249.69,254.71,234.74,"2,805,200",462
"Jul 19, 2021",249.78,251.82,248.54,251.12,231.43,"3,187,300",461
"Jul 16, 2021",253.9,254.05,250.86,251.15,231.46,"3,415,900",460
"Jul 15, 2021",253.7,254.53,252.03,252.93,233.1,"2,646,200",459
"Jul 14, 2021",252.6,254.05,251.61,253.63,233.75,"2,578,700",458
"Jul 13, 2021",250.5,253.44,250.5,251.75,232.01,"2,392,900",457
"Jul 12, 2021",249.5,252.47,249.12,252.24,232.46,"3,056,900",456
"Jul 9, 2021",248.68,250.75,247.38,248.58,229.09,"2,702,500",455
"Jul 8, 2021",245.32,248.96,245.05,248.58,229.09,"2,292,700",454
"Jul 7, 2021",245.61,248.4,245.53,247.55,228.14,"2,035,800",453
"Jul 6, 2021",246.5,247.34,242.95,245.45,226.21,"2,305,000",452
"Jul 2, 2021",244.5,246.98,244.21,246.58,227.25,"2,178,900",451
"Jul 1, 2021",241.96,243.53,241.13,243.47,224.38,"2,125,300",450
"Jun 30, 2021",241.79,242.95,240.8,241.74,222.79,"2,773,200",449
"Jun 29, 2021",241.26,243.46,241.01,241.85,222.89,"2,089,600",448
"Jun 28, 2021",240.9,242.24,239.78,241.26,222.34,"2,062,900",447
"Jun 25, 2021",240.01,241.74,239.79,240.55,221.69,"5,987,500",446
"Jun 24, 2021",239.44,239.87,238.32,239.84,221.04,"2,141,900",445
"Jun 23, 2021",236.87,237.97,235.84,237.31,218.7,"2,246,400",444
"Jun 22, 2021",234.49,237.86,233.88,237.21,218.61,"2,901,400",443
"Jun 21, 2021",231.41,234.04,231.25,233.77,215.44,"3,049,700",442
"Jun 18, 2021",229.86,231.37,228.01,230.53,212.46,"4,481,400",441
"Jun 17, 2021",230.55,232.93,229.83,231.22,213.09,"2,826,600",440
"Jun 16, 2021",232.7,233,229.56,231.26,213.13,"2,767,600",439
"Jun 15, 2021",233.01,233.01,230.75,232.57,214.34,"2,518,000",438
"Jun 14, 2021",233.16,233.5,231.55,233.07,214.8,"2,904,200",437
"Jun 11, 2021",231.79,232.98,231.79,232.94,214.68,"2,510,200",436
"Jun 10, 2021",231.66,233.7,231.4,231.66,213.5,"2,579,400",435
"Jun 9, 2021",234.6,236.8,231.89,231.94,213.76,"3,372,900",434
"Jun 8, 2021",234.27,236.36,232.55,235.1,216.67,"3,441,700",433
"Jun 7, 2021",231.5,232.66,230.39,230.89,212.79,"2,221,700",432
"Jun 4, 2021",230.2,231.61,228.71,231.34,213.2,"3,085,100",431
"Jun 3, 2021",228.34,230.23,227.01,229.18,211.21,"3,155,400",430
"Jun 2, 2021",226.41,229.14,226.15,228.38,210.47,"3,331,400",429
"Jun 1, 2021",227.56,228.79,226.05,227.27,209.45,"3,426,400",428
"May 28, 2021",228,228.35,226.18,226.92,209.13,"2,632,400",427
"May 27, 2021",227.93,228.84,226.05,227.37,209.54,"6,623,100",426
"May 26, 2021",226.17,227.95,225.99,227.11,209.3,"3,186,800",425
"May 25, 2021",225.55,227.27,223.26,225.3,207.64,"4,103,000",424
"May 24, 2021",226.34,228.5,225.33,225.41,207.74,"3,821,000",423
"May 21, 2021",222.21,227.08,221.86,225.09,207.44,"5,084,800",422
"May 20, 2021",218.28,222.8,217.07,221.79,204.4,"7,086,300",421
"May 19, 2021",210.31,219.82,209.8,219.01,201.84,"13,378,700",420
"May 18, 2021",211.21,211.68,206.21,206.43,190.25,"4,794,900",419
"May 17, 2021",212.84,213.64,209.36,210.02,192.93,"2,583,700",418
"May 14, 2021",210.21,212.26,209.43,211.16,193.97,"2,650,300",417
"May 13, 2021",204.22,210.13,203.89,208.61,191.63,"3,132,300",416
"May 12, 2021",207.96,208.68,202.76,202.96,186.44,"3,857,300",415
"May 11, 2021",212.52,212.76,206.95,209.24,192.21,"3,297,100",414
"May 10, 2021",215.51,217.39,213.72,214.03,196.61,"3,092,700",413
"May 7, 2021",213.29,215.39,212.81,214.71,197.24,"2,298,500",412
"May 6, 2021",213.66,213.92,211.94,213,195.66,"2,226,000",411
"May 5, 2021",212.65,213.66,211.68,212.41,195.12,"2,509,000",410
"May 4, 2021",209.61,211.84,209.1,211.61,194.39,"2,203,300",409
"May 3, 2021",209.18,212.82,208.82,211.28,194.08,"2,249,700",408
"Apr 30, 2021",206.21,208.15,205.98,207.26,190.39,"1,802,000",407
"Apr 29, 2021",206.12,208.41,205.77,207.38,190.5,"1,884,900",406
"Apr 28, 2021",203.93,205.25,203.44,204.46,187.82,"1,598,800",405
"Apr 27, 2021",204.22,205.33,203.31,204.36,187.73,"2,260,000",404
"Apr 26, 2021",205.86,206.02,202.85,203.63,187.06,"2,675,700",403
"Apr 23, 2021",205.94,206.8,203.92,206.01,189.24,"2,444,600",402
"Apr 22, 2021",207.28,207.65,203.64,205.57,188.84,"2,499,300",401
"Apr 21, 2021",207.24,208.41,206.3,206.77,189.94,"2,836,900",400
"Apr 20, 2021",208.91,209.49,206.43,207.27,190.4,"2,089,800",399
"Apr 19, 2021",209.49,210.86,208.25,208.65,191.67,"2,924,500",398
"Apr 16, 2021",206,209.49,205.83,208.55,191.58,"4,342,300",397
"Apr 15, 2021",206.02,206.21,203.53,205.76,189.01,"3,370,300",396
"Apr 14, 2021",204.28,206,203.03,205.71,188.97,"2,171,300",395
"Apr 13, 2021",205.56,206,203.51,204.94,188.26,"2,393,400",394
"Apr 12, 2021",205.28,206.35,203.48,205.1,188.41,"3,191,300",393
"Apr 9, 2021",204,205.67,203.54,205.36,188.65,"2,900,500",392
"Apr 8, 2021",204.35,204.81,202.42,203.46,186.9,"3,032,600",391
"Apr 7, 2021",205.75,206,204.08,204.45,187.81,"2,100,400",390
"Apr 6, 2021",204.4,207.38,202.95,205.43,188.71,"2,494,900",389
"Apr 5, 2021",202,205.8,202,205.35,188.64,"2,833,000",388
"Apr 1, 2021",198.14,201.47,196.36,200.72,184.38,"2,730,200",387
"Mar 31, 2021",200.04,201.33,198.03,198.07,181.95,"3,556,600",386
"Mar 30, 2021",198.08,201.36,197.61,199.65,183.4,"2,810,800",385
"Mar 29, 2021",200.09,201.96,197.51,198.21,182.08,"3,231,800",384
"Mar 26, 2021",194.3,201.23,194.03,200.95,184.6,"6,046,100",383
"Mar 25, 2021",188.09,193.37,187.67,192.7,177.02,"3,444,700",382
"Mar 24, 2021",188.91,189.46,187.38,188.28,172.96,"2,489,700",381
"Mar 23, 2021",187.77,190.79,187.43,188.92,173.54,"2,920,200",380
"Mar 22, 2021",187.1,190.38,186.74,188.04,172.74,"3,952,200",379
"Mar 19, 2021",179.89,188.3,179.63,187.55,172.29,"7,745,200",378
"Mar 18, 2021",177.24,181.15,176.68,179.61,164.99,"2,859,300",377
"Mar 17, 2021",179.51,179.66,177.87,178.4,163.88,"2,929,300",376
"Mar 16, 2021",179.96,180.69,178.12,180.21,165.54,"3,437,300",375
"Mar 15, 2021",180.44,181.79,178.57,181.1,166.36,"3,453,100",374
"Mar 12, 2021",179.9,180.35,178.56,180.01,165.36,"2,441,900",373
"Mar 11, 2021",179.15,180.09,177.4,179.32,164.73,"3,045,200",372
"Mar 10, 2021",179.97,181.63,178.09,178.58,164.05,"3,314,800",371
"Mar 9, 2021",178.32,180.74,177.2,179.18,164.6,"3,752,400",370
"Mar 8, 2021",175.27,178.47,173.6,176.87,162.48,"4,558,600",369
"Mar 5, 2021",170.28,174.98,167.05,172.61,158.56,"6,008,100",368
"Mar 4, 2021",172.37,174.61,166.83,169.82,156,"7,111,700",367
"Mar 3, 2021",175,176.87,172.59,173.61,159.48,"8,285,300",366
"Mar 2, 2021",188.01,193.58,172.17,173.49,159.37,"22,090,500",365
"Mar 1, 2021",185.95,187.58,184.85,186.09,170.95,"3,683,500",364
"Feb 26, 2021",186.15,186.83,182.18,183.44,168.51,"4,340,400",363
"Feb 25, 2021",188.52,190.3,184.58,185.08,170.02,"4,355,600",362
"Feb 24, 2021",186.02,187.73,184.3,187.08,171.85,"3,738,400",361
"Feb 23, 2021",188.09,188.73,184.11,186.36,171.19,"2,828,100",360
"Feb 22, 2021",188.12,190.41,187.62,188.99,173.61,"2,152,600",359
"Feb 19, 2021",191.95,192.45,188.36,188.82,173.45,"3,120,100",358
"Feb 18, 2021",188.27,191.56,188,191.41,175.83,"2,983,500",357
"Feb 17, 2021",189.2,194.22,189.1,193.6,177.84,"3,459,300",356
"Feb 16, 2021",191.14,192.58,190.15,190.59,175.08,"2,500,300",355
"Feb 12, 2021",191.05,191.87,190.2,191.43,175.23,"1,821,500",354
"Feb 11, 2021",192.04,193.17,190.34,190.41,174.29,"1,862,300",353
"Feb 10, 2021",193.89,194.45,190.12,192.44,176.15,"2,713,500",352
"Feb 9, 2021",194.13,196.25,193.89,194.29,177.84,"2,868,600",351
"Feb 8, 2021",192.34,194.48,190.49,193.95,177.53,"3,076,400",350
"Feb 5, 2021",189.49,190.33,187.89,188.86,172.87,"2,218,900",349
"Feb 4, 2021",185.87,188.74,184.55,188.59,172.63,"2,309,500",348
"Feb 3, 2021",185.19,186.93,183.7,185.11,169.44,"2,135,400",347
"Feb 2, 2021",185.5,189.04,185.18,185.59,169.88,"2,920,500",346
"Feb 1, 2021",182.18,185,179.68,183.57,168.03,"2,637,300",345
"Jan 29, 2021",182.12,183.5,180.26,181.17,165.83,"3,612,300",344
"Jan 28, 2021",177.93,185.42,177.76,183.58,168.04,"3,965,200",343
"Jan 27, 2021",187.61,187.7,176.82,178.28,163.19,"6,985,900",342
"Jan 26, 2021",190.11,190.56,186.67,187.7,171.81,"3,463,600",341
"Jan 25, 2021",191.56,193.11,189.23,190.15,174.05,"3,423,900",340
"Jan 22, 2021",190.9,192.38,189.48,191.91,175.67,"3,257,100",339
"Jan 21, 2021",190.1,194.09,189,191.27,175.08,"4,585,100",338
"Jan 20, 2021",188.5,188.7,184.54,188.3,172.36,"3,443,200",337
"Jan 19, 2021",194.42,194.75,187.2,188.16,172.23,"5,347,800",336
"Jan 15, 2021",197.65,198.85,194.01,194.8,178.31,"4,289,900",335
"Jan 14, 2021",196.99,199.4,196.9,198.01,181.25,"3,321,200",334
"Jan 13, 2021",198.52,199.96,195.28,196.82,180.16,"4,098,200",333
"Jan 12, 2021",196.17,199.29,195.65,199.1,182.25,"3,866,700",332
"Jan 11, 2021",193.04,199.5,192.19,195.28,178.75,"7,219,100",331
"Jan 8, 2021",191.58,193.88,190.81,193.6,177.21,"3,321,500",330
"Jan 7, 2021",189.21,192.35,189.17,191.1,174.92,"4,226,700",329
"Jan 6, 2021",180.33,189.47,180.11,188.92,172.93,"5,610,100",328
"Jan 5, 2021",176.8,181.97,176.43,180.37,165.1,"4,843,300",327
"Jan 4, 2021",176.51,178.09,174.12,177.63,162.59,"3,463,100",326
"Dec 31, 2020",174.41,176.67,174.1,176.53,161.59,"2,571,300",325
"Dec 30, 2020",175.7,176.06,172.82,173.88,159.16,"1,935,200",324
"Dec 29, 2020",177.11,177.77,174.46,175.04,160.22,"2,359,700",323
"Dec 28, 2020",177.11,177.46,174.89,176.39,161.46,"2,442,000",322
"Dec 24, 2020",175.98,176.51,174.67,175.19,160.36,"1,941,200",321
"Dec 23, 2020",172.01,176.33,171.89,174.91,160.1,"4,753,000",320
"Dec 22, 2020",172.4,173.11,171.46,172.35,157.76,"3,103,200",319
"Dec 21, 2020",169.63,173.06,168.94,171.76,157.22,"4,077,400",318
"Dec 18, 2020",171.18,172.18,168.97,170.42,155.99,"6,715,800",317
"Dec 17, 2020",172,172.28,170.29,171.24,156.74,"3,495,300",316
"Dec 16, 2020",172.01,172.99,170.71,171.69,157.16,"2,193,700",315
"Dec 15, 2020",170.65,172.78,170.65,171.41,156.9,"3,487,900",314
"Dec 14, 2020",172.96,172.96,170.17,170.99,156.52,"4,016,400",313
"Dec 11, 2020",171.5,172.75,171.07,171.71,157.18,"2,676,500",312
"Dec 10, 2020",173.59,174.24,172.07,172.4,157.81,"2,643,700",311
"Dec 9, 2020",173.35,174.92,172.41,174.07,159.34,"2,853,800",310
"Dec 8, 2020",172.5,173.78,171.74,172.72,158.1,"2,682,200",309
"Dec 7, 2020",174.27,174.95,171.41,172.91,158.27,"3,430,800",308
"Dec 4, 2020",174.38,175.16,173.23,175.03,160.21,"2,935,700",307
"Dec 3, 2020",176.47,176.47,173.78,174.92,160.11,"4,214,600",306
"Dec 2, 2020",178.02,178.21,175.47,176.41,161.48,"3,109,300",305
"Dec 1, 2020",179.81,181.17,177.1,179.05,163.89,"5,034,900",304
"Nov 30, 2020",178.25,180.07,176.24,179.53,164.33,"8,010,000",303
"Nov 27, 2020",180.81,181.11,178.95,179.77,164.55,"2,371,900",302
"Nov 25, 2020",177.73,180.48,177.35,179.82,164.6,"3,780,700",301
"Nov 24, 2020",179.76,179.84,177.1,177.86,162.8,"4,688,400",300
"Nov 23, 2020",174.25,179.02,173.59,177.56,162.53,"5,755,700",299
"Nov 20, 2020",172.22,174.41,171.45,172.31,157.72,"6,652,900",298
"Nov 19, 2020",168.71,173.44,167.9,171.37,156.86,"6,834,900",297
"Nov 18, 2020",165.94,172.12,164.55,166.85,152.73,"13,092,300",296
"Nov 17, 2020",164,164.71,160.51,163.04,149.24,"6,299,900",295
"Nov 16, 2020",165,165.99,163.35,165.18,150.58,"5,035,600",294
"Nov 13, 2020",160.99,163.45,160.6,162.88,148.48,"2,765,800",293
"Nov 12, 2020",159.67,160.99,158.64,159.53,145.42,"2,708,500",292
"Nov 11, 2020",159.45,162.57,158.75,159.69,145.57,"3,336,500",291
"Nov 10, 2020",157.04,159.06,156.56,158.07,144.09,"3,577,900",290
"Nov 9, 2020",163.15,163.16,154.75,154.91,141.21,"5,092,800",289
"Nov 6, 2020",158.65,161.9,158.53,161.5,147.22,"3,498,000",288
"Nov 5, 2020",159.74,159.87,156.54,158.63,144.6,"3,114,900",287
"Nov 4, 2020",157.22,159.49,155.25,156.62,142.77,"3,156,600",286
"Nov 3, 2020",156.32,158.71,155.43,156.73,142.87,"2,545,400",285
"Nov 2, 2020",154,155.12,152.8,154.39,140.74,"2,674,300",284
"Oct 30, 2020",153.32,154.14,150.8,152.22,138.76,"3,694,100",283
"Oct 29, 2020",155.24,156.09,153.37,154.25,140.61,"2,157,700",282
"Oct 28, 2020",154.91,157.27,154.11,155.21,141.49,"2,655,700",281
"Oct 27, 2020",158.07,158.88,156.68,157.03,143.15,"2,406,100",280
"Oct 26, 2020",158.84,159.39,156.3,157.97,144,"2,310,600",279
"Oct 23, 2020",160.39,160.39,158.81,160.23,146.06,"1,816,800",278
"Oct 22, 2020",163.07,163.38,159.34,159.6,145.49,"3,647,400",277
"Oct 21, 2020",165.75,166.2,162.95,163.29,148.85,"3,033,500",276
"Oct 20, 2020",164.95,167.42,163.82,164.87,150.29,"2,698,500",275
"Oct 19, 2020",166.21,166.96,163.82,164.05,149.55,"2,322,500",274
"Oct 16, 2020",165.91,167.25,164.36,164.92,150.34,"5,047,900",273
"Oct 15, 2020",161.84,165.46,161.12,165.46,150.83,"1,859,000",272
"Oct 14, 2020",165.98,166.16,162.6,163.97,149.47,"2,284,700",271
"Oct 13, 2020",164.57,166.68,164.15,165.64,150.99,"2,015,200",270
"Oct 12, 2020",164.3,165.49,163.62,164.57,150.02,"2,436,300",269
"Oct 9, 2020",162.2,164.81,162.1,163.71,149.24,"2,582,700",268
"Oct 8, 2020",162.6,163.32,161.39,161.86,147.55,"2,189,200",267
"Oct 7, 2020",160.06,161.61,159.61,160.68,146.47,"2,927,000",266
"Oct 6, 2020",161.47,161.98,157.61,158.41,144.4,"2,932,600",265
"Oct 5, 2020",159.99,162.31,159.99,161.49,147.21,"2,268,600",264
"Oct 2, 2020",156.97,159.99,156.16,159.1,145.03,"1,978,700",263
"Oct 1, 2020",158.41,160.89,158.1,158.6,144.58,"3,866,000",262
"Sep 30, 2020",157.45,159.15,156.5,157.42,143.5,"2,806,000",261
"Sep 29, 2020",156.75,158.43,155.87,156.94,143.06,"2,784,200",260
"Sep 28, 2020",154.95,157.71,154.65,156.46,142.63,"3,627,600",259
"Sep 25, 2020",151.86,155.16,151.75,154.35,140.7,"2,743,300",258
"Sep 24, 2020",151.62,153.56,150.1,152,138.56,"3,223,100",257
"Sep 23, 2020",153.88,155.2,150.37,151.01,137.66,"2,801,300",256
"Sep 22, 2020",151.15,154.44,150.93,154.08,140.46,"4,334,500",255
"Sep 21, 2020",148.69,149.99,146.45,149.86,136.61,"3,360,000",254
"Sep 18, 2020",147.72,149.52,147.26,148.82,135.66,"3,614,800",253
"Sep 17, 2020",147.39,148.77,146.55,147.61,134.56,"2,391,200",252
"Sep 16, 2020",149.34,149.73,147.91,147.99,134.91,"2,072,500",251
"Sep 15, 2020",148.11,149.84,147.36,149.07,135.89,"2,206,200",250
"Sep 14, 2020",148.55,150.39,147.84,148.44,135.32,"2,706,900",249
"Sep 11, 2020",146.86,147.96,146.18,147.65,134.6,"2,356,400",248
"Sep 10, 2020",147.6,148.34,145.31,146.04,133.13,"2,828,100",247
"Sep 9, 2020",144.76,148.6,144.76,147.55,134.5,"3,279,300",246
"Sep 8, 2020",146.68,146.79,143.38,144,131.27,"3,503,200",245
"Sep 4, 2020",146.69,148.55,143.69,147.23,134.21,"4,742,100",244
"Sep 3, 2020",149.47,149.98,145.41,146.03,133.12,"4,135,300",243
"Sep 2, 2020",150.5,150.87,148.42,149.84,136.59,"4,128,200",242
"Sep 1, 2020",150.61,151.77,150.12,150.55,137.24,"3,603,500",241
"Aug 31, 2020",151.14,151.91,150.32,151.21,137.84,"3,025,600",240
"Aug 28, 2020",150.31,151.67,149.6,150.85,137.51,"2,835,600",239
"Aug 27, 2020",152.66,152.75,149.67,150.31,137.02,"3,773,100",238
"Aug 26, 2020",152.75,153.57,152.09,152.71,139.21,"3,061,600",237
"Aug 25, 2020",154.15,154.28,152.36,152.85,139.34,"2,984,400",236
"Aug 24, 2020",154.5,154.62,152.63,153.24,139.69,"4,355,300",235
"Aug 21, 2020",152.33,155.61,152.13,153.63,140.05,"7,061,400",234
"Aug 20, 2020",154.93,156.1,151.72,152.24,138.78,"12,046,000",233
"Aug 19, 2020",148.5,154.69,146.54,154.22,140.58,"40,211,800",232
"Aug 18, 2020",137.01,137.97,134.67,136.9,124.8,"5,756,800",231
"Aug 17, 2020",137.98,138.69,137.4,138.24,125.4,"4,632,300",230
"Aug 14, 2020",135.92,137,135.22,136.53,123.85,"3,180,900",229
"Aug 13, 2020",133.99,134.94,133.61,134.81,122.29,"2,324,800",228
"Aug 12, 2020",135.11,135.11,132.77,134.6,122.1,"4,860,900",227
"Aug 11, 2020",133.71,134.59,131.35,131.72,119.48,"3,915,900",226
"Aug 10, 2020",132.07,134.11,131.25,132.94,120.59,"3,002,900",225
"Aug 7, 2020",129.24,131.88,129,131.75,119.51,"2,303,100",224
"Aug 6, 2020",129.5,129.93,128.13,129.01,117.02,"1,979,900",223
"Aug 5, 2020",130.75,131.93,128.66,129.37,117.35,"3,688,800",222
"Aug 4, 2020",127.93,130.77,127.58,130.45,118.33,"3,924,500",221
"Aug 3, 2020",126.5,128.24,126.25,127.84,115.96,"3,319,200",220
"Jul 31, 2020",124.28,125.93,123.79,125.88,114.19,"3,267,100",219
"Jul 30, 2020",122.33,125.42,121.82,124.58,113.01,"3,606,300",218
"Jul 29, 2020",123.47,124.48,122.9,123.68,112.19,"2,095,800",217
"Jul 28, 2020",122.61,124.46,122.12,123.29,111.84,"2,337,000",216
"Jul 27, 2020",124.25,124.49,122.16,122.69,111.29,"2,423,400",215
"Jul 24, 2020",122.54,125.53,122.06,123.71,112.22,"3,832,900",214
"Jul 23, 2020",123.45,123.6,121.94,122.35,110.98,"3,267,500",213
"Jul 22, 2020",120.3,123.18,120,123.14,111.7,"3,876,600",212
"Jul 21, 2020",120.35,120.99,120.02,120.2,109.03,"3,195,400",211
"Jul 20, 2020",121.54,121.87,119.04,119.82,108.69,"3,825,900",210
"Jul 17, 2020",122.64,123.21,121.45,121.67,110.37,"2,715,500",209
"Jul 16, 2020",121.26,122.99,121.14,121.95,110.62,"3,109,900",208
"Jul 15, 2020",121.31,122.72,120.01,121.67,110.37,"3,533,900",207
"Jul 14, 2020",118.74,120.17,117.42,120.08,108.92,"2,578,200",206
"Jul 13, 2020",119.38,121.76,118.38,118.73,107.7,"3,469,700",205
"Jul 10, 2020",117.82,118.98,117.06,118.86,107.82,"2,033,500",204
"Jul 9, 2020",117.46,119.31,117.13,117.9,106.95,"2,861,000",203
"Jul 8, 2020",118.15,118.5,116.73,117.7,106.77,"2,845,100",202
"Jul 7, 2020",118.3,119.55,117.81,118.06,107.09,"3,908,300",201
"Jul 6, 2020",120.01,120.25,117.98,119.24,108.16,"3,766,400",200
"Jul 2, 2020",119.98,120.59,118.89,119.12,108.05,"2,216,100",199
"Jul 1, 2020",119.91,120.36,118.83,118.96,107.91,"2,836,400",198
"Jun 30, 2020",118.88,120.44,118.27,119.93,108.79,"3,633,900",197
"Jun 29, 2020",117.49,119.28,116.77,118.57,107.55,"3,258,900",196
"Jun 26, 2020",120,120.65,116.75,117.02,106.15,"6,670,800",195
"Jun 25, 2020",119.39,119.95,118.29,119.81,108.68,"2,759,500",194
"Jun 24, 2020",121.17,121.99,118.63,119.72,108.6,"4,181,600",193
"Jun 23, 2020",123.03,124.43,121.26,121.5,110.21,"4,307,000",192
"Jun 22, 2020",120.5,123.11,119.1,122.43,111.06,"4,671,200",191
"Jun 19, 2020",120.2,122.93,119.23,120.56,109.36,"12,611,200",190
"Jun 18, 2020",118.24,118.26,116.87,117.3,106.4,"3,261,100",189
"Jun 17, 2020",119.47,119.47,117.78,118.27,107.28,"3,808,600",188
"Jun 16, 2020",120.44,121.33,117.22,119.21,108.14,"5,138,000",187
"Jun 15, 2020",115.46,118.69,115.23,118.15,107.17,"4,593,800",186
"Jun 12, 2020",119.58,119.75,114.81,116.9,106.04,"4,953,400",185
"Jun 11, 2020",118.57,120.94,117.78,118.01,107.05,"5,005,100",184
"Jun 10, 2020",120.75,122.18,119.78,120,108.85,"3,653,700",183
"Jun 9, 2020",122.54,122.73,120.29,120.72,109.51,"2,923,500",182
"Jun 8, 2020",120.81,122.46,120.58,122.37,111,"3,578,400",181
"Jun 5, 2020",121.41,122.51,119.68,121.53,110.24,"4,578,800",180
"Jun 4, 2020",121.88,122.74,119.55,119.96,108.82,"3,963,600",179
"Jun 3, 2020",119.14,122.3,118.3,121.73,110.42,"5,815,800",178
"Jun 2, 2020",119.66,120.78,118.19,118.85,107.81,"5,144,600",177
"Jun 1, 2020",120.45,120.74,118.82,119.49,108.39,"6,020,100",176
"May 29, 2020",118.74,122.78,118.16,122.33,110.97,"8,705,900",175
"May 28, 2020",117.96,120.24,117.46,118.43,107.43,"6,137,300",174
"May 27, 2020",115.63,117.45,114.23,117.41,106.5,"8,260,300",173
"May 26, 2020",118.8,119.96,114.81,115.12,104.43,"7,274,600",172
"May 22, 2020",118.83,119.36,117.18,117.49,106.58,"4,902,900",171
"May 21, 2020",119.63,120.37,117.64,118.68,107.65,"7,620,700",170
"May 20, 2020",124.09,124.91,119.29,119.63,108.52,"12,897,000",169
"May 19, 2020",125.11,125.97,122.77,123.17,111.73,"7,914,900",168
"May 18, 2020",123.26,125.55,122.77,125.2,112.97,"6,320,900",167
"May 15, 2020",120.35,122.65,119.8,120.94,109.13,"8,354,200",166
"May 14, 2020",117.94,120.83,117.12,119.94,108.22,"5,635,600",165
"May 13, 2020",119.45,120.63,118.14,119.14,107.5,"4,677,900",164
"May 12, 2020",121,122.95,119.39,119.39,107.73,"4,897,000",163
"May 11, 2020",116.82,120.74,115.93,120.18,108.44,"5,996,300",162
"May 8, 2020",114.71,116.83,114.12,115.83,104.52,"4,266,900",161
"May 7, 2020",114.76,115.29,113.1,113.36,102.29,"3,689,800",160
"May 6, 2020",112.89,115.62,112.56,113.58,102.49,"4,913,900",159
"May 5, 2020",111.7,113.38,110.47,111.76,100.84,"4,201,100",158
"May 4, 2020",107.83,112.03,107.63,111.71,100.8,"4,578,300",157
"May 1, 2020",108.85,109.48,106.1,108.23,97.66,"4,590,500",156
"Apr 30, 2020",111.08,111.2,108.89,109.74,99.02,"4,769,600",155
"Apr 29, 2020",113.5,114.04,110.11,112.1,101.15,"4,929,800",154
"Apr 28, 2020",111.51,113.88,110.11,112,101.06,"4,904,700",153
"Apr 27, 2020",108.68,111.2,108.51,109.88,99.15,"4,340,700",152
"Apr 24, 2020",104.5,108.45,103.86,107.82,97.29,"6,088,600",151
"Apr 23, 2020",100.7,105.5,100.5,103.86,93.71,"16,508,000",150
"Apr 22, 2020",108.19,108.53,106.42,106.84,96.4,"2,954,600",149
"Apr 21, 2020",108.26,108.26,105.91,106.9,96.46,"4,519,700",148
"Apr 20, 2020",112.5,112.5,108.72,108.98,98.33,"5,329,600",147
"Apr 17, 2020",110.9,114.07,108.43,113.42,102.34,"7,617,500",146
"Apr 16, 2020",107,109.89,106.65,109.3,98.62,"5,950,300",145
"Apr 15, 2020",108.76,109,105.25,106.24,95.86,"4,225,600",144
"Apr 14, 2020",108.49,109.91,105.88,108.38,97.79,"5,032,300",143
"Apr 13, 2020",104.2,105.37,102.91,104.68,94.45,"3,235,500",142
"Apr 9, 2020",102,104.83,101.5,104.2,94.02,"7,069,200",141
"Apr 8, 2020",100.35,105.69,100,104.63,94.41,"7,542,900",140
"Apr 7, 2020",98.75,101.66,97.03,98.26,88.66,"6,599,300",139
"Apr 6, 2020",93.22,97.82,92.13,97.51,87.98,"7,107,800",138
"Apr 3, 2020",93.53,94.13,90.17,92.57,83.53,"6,815,300",137
"Apr 2, 2020",94.27,95.67,92.12,94.36,85.14,"5,929,200",136
"Apr 1, 2020",91.64,96.14,91.29,95.27,85.96,"8,581,000",135
"Mar 31, 2020",95.28,96.78,92.16,92.97,83.89,"6,388,400",134
"Mar 30, 2020",96.18,97.77,95.5,96.01,86.63,"4,485,600",133
"Mar 27, 2020",94.49,97.83,92.93,94.74,85.49,"4,902,800",132
"Mar 26, 2020",91.39,96.47,91.21,96.07,86.69,"7,014,000",131
"Mar 25, 2020",99.12,99.33,90.52,91.04,82.15,"12,563,200",130
"Mar 24, 2020",100.14,101.65,96,100.56,90.74,"6,498,600",129
"Mar 23, 2020",96.55,99.2,93.81,96.69,87.25,"7,104,300",128
"Mar 20, 2020",99.3,102.48,96.38,97.4,87.89,"8,057,200",127
"Mar 19, 2020",102.72,107.12,99.81,100.5,90.68,"7,414,200",126
"Mar 18, 2020",98.94,108.35,96.85,102.82,92.78,"8,845,700",125
"Mar 17, 2020",95.12,106.49,95.06,103.63,93.51,"10,586,400",124
"Mar 16, 2020",92.59,99.94,91.16,93.79,84.63,"6,963,700",123
"Mar 13, 2020",96.65,105.14,92.53,101.02,91.15,"9,267,200",122
"Mar 12, 2020",99.24,101.53,92.41,92.62,83.57,"10,208,800",121
"Mar 11, 2020",106.03,107.98,103.42,105.58,95.27,"6,102,500",120
"Mar 10, 2020",106.24,109.59,104.8,108.33,97.75,"7,461,000",119
"Mar 9, 2020",99.76,107.68,99.76,104.03,93.87,"7,346,600",118
"Mar 6, 2020",104.16,106.43,102.75,105.95,95.6,"5,370,800",117
"Mar 5, 2020",105.64,108.44,105.25,105.97,95.62,"5,294,900",116
"Mar 4, 2020",107,108.07,104.67,107.82,97.29,"6,834,800",115
"Mar 3, 2020",112,112.2,103.96,105.84,95.5,"10,927,400",114
"Mar 2, 2020",103.38,109.44,102.95,109.06,98.41,"9,691,100",113
"Feb 28, 2020",102.21,104.2,100.74,103,92.94,"9,174,100",112
"Feb 27, 2020",108.38,109.38,105.54,105.62,95.3,"6,713,400",111
"Feb 26, 2020",112.18,112.71,110.29,110.66,99.85,"4,318,300",110
"Feb 25, 2020",114.19,115.15,111.63,111.72,100.81,"5,095,900",109
"Feb 24, 2020",114.48,115.99,113.12,113.78,102.67,"5,304,900",108
"Feb 21, 2020",117.83,118.88,116.8,117.01,105.58,"3,856,500",107
"Feb 20, 2020",116.97,118.29,116.57,118.26,106.71,"2,659,300",106
"Feb 19, 2020",117.69,118.13,117.05,117.39,105.92,"2,866,700",105
"Feb 18, 2020",116.95,117.87,116.35,117.83,106.32,"3,122,500",104
"Feb 14, 2020",118.3,118.46,116.3,116.63,104.64,"3,289,100",103
"Feb 13, 2020",117.84,118.5,117.42,118.28,106.12,"2,654,900",102
"Feb 12, 2020",116.66,118.75,116.47,118.11,105.97,"3,764,800",101
"Feb 11, 2020",117.07,117.14,115.12,116.69,104.7,"3,065,100",100
"Feb 10, 2020",115.6,117.24,115.6,116.98,104.96,"3,862,000",99
"Feb 7, 2020",115.02,115.65,114.46,115.61,103.73,"2,970,800",98
"Feb 6, 2020",115.99,116.38,114.76,115.14,103.3,"4,024,800",97
"Feb 5, 2020",114.01,115.9,113.85,115.53,103.65,"3,636,700",96
"Feb 4, 2020",113.64,114.8,113.2,113.25,101.61,"3,626,000",95
"Feb 3, 2020",111.14,113.41,111,112.51,100.95,"5,186,000",94
"Jan 31, 2020",113.41,113.79,110.37,110.74,99.36,"6,961,900",93
"Jan 30, 2020",113.77,114.71,112.89,114.67,102.88,"4,466,400",92
"Jan 29, 2020",115.78,116.08,114.25,114.27,102.52,"5,250,600",91
"Jan 28, 2020",116.15,116.46,115.43,115.44,103.57,"3,865,100",90
"Jan 27, 2020",112.95,116.21,112.57,115.78,103.88,"6,779,200",89
"Jan 24, 2020",116,116,113.64,114.32,102.57,"4,338,900",88
"Jan 23, 2020",113.53,115.57,113.1,115.53,103.65,"4,641,500",87
"Jan 22, 2020",114.14,115.08,113.77,113.9,102.19,"5,070,600",86
"Jan 21, 2020",116.66,116.66,113.82,114.04,102.32,"8,188,000",85
"Jan 17, 2020",116.49,117.79,116.17,116.92,104.9,"7,303,800",84
"Jan 16, 2020",117.14,117.32,115.83,116.32,104.36,"9,361,600",83
"Jan 15, 2020",117.49,119.4,115.56,117,104.97,"26,743,400",82
"Jan 14, 2020",123.6,125.66,123.44,125.26,112.38,"3,291,900",81
"Jan 13, 2020",124.59,124.68,122.93,123.87,111.14,"3,632,800",80
"Jan 10, 2020",124.71,125.7,124.05,124.73,111.91,"4,678,000",79
"Jan 9, 2020",123.5,124.91,122.66,123.5,110.81,"5,369,700",78
"Jan 8, 2020",124.05,125.25,123.34,123.4,110.72,"5,731,600",77
"Jan 7, 2020",123,124.43,123,123.8,111.07,"3,641,600",76
"Jan 6, 2020",123.97,124.65,123.22,123.58,110.88,"4,226,900",75
"Jan 3, 2020",124.66,125.53,123.93,124.76,111.94,"5,018,500",74
"Jan 2, 2020",128.74,128.9,125.26,126.07,113.11,"5,149,800",73
"Dec 31, 2019",128.4,128.97,127.37,128.21,115.03,"4,059,800",72
"Dec 30, 2019",129,129.95,128.41,128.89,115.64,"2,546,500",71
"Dec 27, 2019",129,129.23,128.23,129.21,115.93,"2,233,600",70
"Dec 26, 2019",129.13,129.4,127.93,128.89,115.64,"2,197,900",69
"Dec 24, 2019",128.9,128.9,127.95,128.55,115.34,"1,643,400",68
"Dec 23, 2019",129.47,129.54,128.01,128.34,115.15,"4,051,800",67
"Dec 20, 2019",129.45,130.24,128.5,129.15,115.87,"6,224,900",66
"Dec 19, 2019",127.72,128.98,127.37,128.7,115.47,"3,292,700",65
"Dec 18, 2019",128.51,129.08,127.75,128.08,114.91,"3,940,200",64
"Dec 17, 2019",126.47,128.91,126,128.38,115.18,"5,617,300",63
"Dec 16, 2019",127.79,128,125.96,125.96,113.01,"4,488,100",62
"Dec 13, 2019",126.72,127.43,126.17,127.22,114.14,"2,970,000",61
"Dec 12, 2019",125.66,127.86,125.13,127.52,114.41,"3,677,400",60
"Dec 11, 2019",125.4,125.89,124.73,125.8,112.87,"2,816,200",59
"Dec 10, 2019",126.09,126.57,125.32,125.77,112.84,"3,573,800",58
"Dec 9, 2019",124.98,127.18,124.9,126.45,113.45,"3,508,700",57
"Dec 6, 2019",125.17,126.4,124.86,125.03,112.18,"4,305,300",56
"Dec 5, 2019",125.06,125.33,123.65,124.68,111.86,"2,614,100",55
"Dec 4, 2019",125.01,125.53,124.3,124.52,111.72,"3,935,200",54
"Dec 3, 2019",122.6,124.58,122.33,124.04,111.29,"4,237,200",53
"Dec 2, 2019",125.7,126.2,123.91,123.98,111.24,"4,194,400",52
"Nov 29, 2019",126,126.78,124.95,125.01,112.16,"2,660,000",51
"Nov 27, 2019",127.15,127.15,125.76,125.9,112.96,"3,430,400",50
"Nov 26, 2019",125.26,127.84,125,126.89,113.85,"7,581,400",49
"Nov 25, 2019",127.26,127.49,125.08,125.19,112.32,"8,365,300",48
"Nov 22, 2019",127.95,127.95,126.28,127.02,113.96,"7,537,100",47
"Nov 21, 2019",126.58,127.97,125.71,127.65,114.53,"10,804,300",46
"Nov 20, 2019",122.32,127.2,118.36,126.43,113.43,"32,365,500",45
"Nov 19, 2019",110.41,111.1,109.35,110.85,99.46,"7,377,500",44
"Nov 18, 2019",113.83,114.26,111.86,111.96,99.86,"6,898,000",43
"Nov 15, 2019",112.05,113.68,111.33,113.21,100.97,"5,340,300",42
"Nov 14, 2019",110.71,111.25,109.56,111.11,99.1,"5,968,400",41
"Nov 13, 2019",108.63,109.23,107.02,108.58,96.84,"3,653,900",40
"Nov 12, 2019",110.22,110.28,107.91,108.35,96.64,"5,429,600",39
"Nov 11, 2019",110.63,110.86,109.76,110.45,98.51,"3,082,700",38
"Nov 8, 2019",110.56,110.98,109.42,110.15,98.25,"2,805,400",37
"Nov 7, 2019",111.62,111.86,110.34,110.59,98.64,"3,494,300",36
"Nov 6, 2019",109.89,110.6,109.34,110.51,98.57,"3,234,400",35
"Nov 5, 2019",108.97,110.42,108.83,110.06,98.16,"3,292,400",34
"Nov 4, 2019",108.5,109.16,108.21,108.77,97.01,"3,195,600",33
"Nov 1, 2019",108.06,108.37,107.43,107.82,96.17,"3,104,000",32
"Oct 31, 2019",107.65,107.93,105.91,106.91,95.36,"6,467,400",31
"Oct 30, 2019",108.02,108.77,107.22,107.93,96.27,"3,567,800",30
"Oct 29, 2019",109.26,109.58,107.93,108.15,96.46,"3,004,700",29
"Oct 28, 2019",109.17,110.48,109.02,109.72,97.86,"4,448,200",28
"Oct 25, 2019",109.92,109.99,108.53,109.02,97.24,"5,659,700",27
"Oct 24, 2019",111.83,112,110.02,110.25,98.33,"3,840,100",26
"Oct 23, 2019",113.19,113.19,110.72,111.36,99.32,"5,157,800",25
"Oct 22, 2019",113.95,114.83,113.06,113.19,100.96,"3,509,100",24
"Oct 21, 2019",113.32,113.81,112.74,113.68,101.39,"2,886,500",23
"Oct 18, 2019",112.86,113.74,112.4,112.81,100.62,"3,887,700",22
"Oct 17, 2019",112.41,113.71,112.34,113.23,100.99,"4,100,800",21
"Oct 16, 2019",111.79,112.21,111.18,112.19,100.06,"2,315,700",20
"Oct 15, 2019",111.56,112.3,111.34,111.89,99.8,"2,706,100",19
"Oct 14, 2019",111.85,112.23,110.95,111.15,99.14,"2,356,300",18
"Oct 11, 2019",111.85,112.94,111.21,111.83,99.74,"4,563,100",17
"Oct 10, 2019",109.56,110.59,109.09,110.57,98.62,"3,647,000",16
"Oct 9, 2019",109.92,111.25,109.53,110.36,98.43,"5,832,000",15
"Oct 8, 2019",107.93,110.03,107.04,108.52,96.79,"4,339,800",14
"Oct 7, 2019",108.66,108.85,107.14,107.95,96.28,"3,755,600",13
"Oct 4, 2019",106.77,109.27,106.54,109.1,97.31,"4,116,400",12
"Oct 3, 2019",105.23,106.7,104.39,106.62,95.1,"3,512,600",11
"Oct 2, 2019",104.9,105.96,104.01,105.16,93.79,"5,637,600",10
"Oct 1, 2019",107.33,108.14,105.86,105.94,94.49,"3,557,400",9
"Sep 30, 2019",106.67,107.39,106.42,106.91,95.36,"3,639,000",8
"Sep 27, 2019",105.95,106.81,105.53,106.12,94.65,"3,188,600",7
"Sep 26, 2019",106.9,107.4,104.68,106.29,94.8,"5,166,600",6
"Sep 25, 2019",107.07,108.13,106.62,106.8,95.26,"3,934,100",5
"Sep 24, 2019",110.2,110.2,107.08,107.45,95.84,"5,397,700",4
"Sep 23, 2019",107.42,110.41,107.21,108.78,97.02,"4,945,300",3
"Sep 20, 2019",108.31,108.55,106.6,106.67,95.14,"4,199,800",2
"Sep 19, 2019",108.55,108.74,106.88,107.87,96.21,"2,938,700",1
"Sep 18, 2019",107.12,107.69,106.01,106.97,95.41,"2,950,900",0